benchmark,n,repetitions,wall_ms_mean,wall_ms_median,wall_ms_std,wall_ms_min,wall_ms_max,wall_ms_cv,compile_ms_mean,compile_ms_median,compile_ms_std,compile_ms_min,compile_ms_max,compile_ms_cv,exec_ms_mean,exec_ms_median,exec_ms_std,exec_ms_min,exec_ms_max,exec_ms_cv,opcodes_mean,opcodes_median,opcodes_std,opcodes_min,opcodes_max,opcodes_cv,gc_count_mean,gc_count_median,gc_count_std,gc_count_min,gc_count_max,gc_count_cv,gc_ms_mean,gc_ms_median,gc_ms_std,gc_ms_min,gc_ms_max,gc_ms_cv,peak_heap_bytes_mean,peak_heap_bytes_median,peak_heap_bytes_std,peak_heap_bytes_min,peak_heap_bytes_max,peak_heap_bytes_cv,bytes_allocated_mean,bytes_allocated_median,bytes_allocated_std,bytes_allocated_min,bytes_allocated_max,bytes_allocated_cv,bytes_freed_mean,bytes_freed_median,bytes_freed_std,bytes_freed_min,bytes_freed_max,bytes_freed_cv
arithmetic,40000,40,69.226500,55.281500,58.989512,39.772000,408.980000,0.852123,0.000000,0.000000,0.000000,0.000000,0.000000,,16.700000,17.500000,4.237803,8.000000,25.000000,0.253761,1120020.000000,1120020.000000,0.000000,1120020.000000,1120020.000000,0.000000,0.000000,0.000000,0.000000,0.000000,0.000000,,0.000000,0.000000,0.000000,0.000000,0.000000,,1145.000000,1145.000000,0.000000,1145.000000,1145.000000,0.000000,1145.000000,1145.000000,0.000000,1145.000000,1145.000000,0.000000,0.000000,0.000000,0.000000,0.000000,0.000000,
arithmetic,49100,40,65.232875,60.359500,18.681682,46.612000,138.844000,0.286384,0.000000,0.000000,0.000000,0.000000,0.000000,,21.650000,22.000000,3.984264,10.000000,28.000000,0.184031,1374820.000000,1374820.000000,0.000000,1374820.000000,1374820.000000,0.000000,0.000000,0.000000,0.000000,0.000000,0.000000,,0.000000,0.000000,0.000000,0.000000,0.000000,,1145.000000,1145.000000,0.000000,1145.000000,1145.000000,0.000000,1145.000000,1145.000000,0.000000,1145.000000,1145.000000,0.000000,0.000000,0.000000,0.000000,0.000000,0.000000,
arithmetic,60400,40,63.689600,59.702000,16.037161,49.916000,142.562000,0.251802,0.000000,0.000000,0.000000,0.000000,0.000000,,26.450000,26.500000,4.181461,16.000000,37.000000,0.158089,1691220.000000,1691220.000000,0.000000,1691220.000000,1691220.000000,0.000000,0.000000,0.000000,0.000000,0.000000,0.000000,,0.000000,0.000000,0.000000,0.000000,0.000000,,1145.000000,1145.000000,0.000000,1145.000000,1145.000000,0.000000,1145.000000,1145.000000,0.000000,1145.000000,1145.000000,0.000000,0.000000,0.000000,0.000000,0.000000,0.000000,
arithmetic,74200,40,72.339025,67.859000,14.657643,56.549000,128.844000,0.202624,0.000000,0.000000,0.000000,0.000000,0.000000,,32.400000,33.000000,3.927549,19.000000,40.000000,0.121221,2077620.000000,2077620.000000,0.000000,2077620.000000,2077620.000000,0.000000,0.000000,0.000000,0.000000,0.000000,0.000000,,0.000000,0.000000,0.000000,0.000000,0.000000,,1145.000000,1145.000000,0.000000,1145.000000,1145.000000,0.000000,1145.000000,1145.000000,0.000000,1145.000000,1145.000000,0.000000,0.000000,0.000000,0.000000,0.000000,0.000000,
arithmetic,91100,40,81.546500,76.816000,14.876807,63.012000,123.732000,0.182433,0.000000,0.000000,0.000000,0.000000,0.000000,,40.300000,39.000000,5.468793,31.000000,65.000000,0.135702,2550820.000000,2550820.000000,0.000000,2550820.000000,2550820.000000,0.000000,0.000000,0.000000,0.000000,0.000000,0.000000,,0.000000,0.000000,0.000000,0.000000,0.000000,,1145.000000,1145.000000,0.000000,1145.000000,1145.000000,0.000000,1145.000000,1145.000000,0.000000,1145.000000,1145.000000,0.000000,0.000000,0.000000,0.000000,0.000000,0.000000,
arithmetic,112000,40,99.617175,89.802000,25.362475,70.580000,164.850000,0.254599,0.000000,0.000000,0.000000,0.000000,0.000000,,50.500000,48.000000,7.009152,41.000000,72.000000,0.138795,3136020.000000,3136020.000000,0.000000,3136020.000000,3136020.000000,0.000000,0.000000,0.000000,0.000000,0.000000,0.000000,,0.000000,0.000000,0.000000,0.000000,0.000000,,1145.000000,1145.000000,0.000000,1145.000000,1145.000000,0.000000,1145.000000,1145.000000,0.000000,1145.000000,1145.000000,0.000000,0.000000,0.000000,0.000000,0.000000,0.000000,
arithmetic,138000,40,144.949575,141.360000,57.791822,86.409000,350.175000,0.398703,0.000000,0.000000,0.000000,0.000000,0.000000,,71.225000,70.000000,14.991429,48.000000,109.000000,0.210480,3864020.000000,3864020.000000,0.000000,3864020.000000,3864020.000000,0.000000,0.000000,0.000000,0.000000,0.000000,0.000000,,0.000000,0.000000,0.000000,0.000000,0.000000,,1145.000000,1145.000000,0.000000,1145.000000,1145.000000,0.000000,1145.000000,1145.000000,0.000000,1145.000000,1145.000000,0.000000,0.000000,0.000000,0.000000,0.000000,0.000000,
arithmetic,169000,40,121.573400,114.316500,26.432790,92.776000,221.858000,0.217422,0.000000,0.000000,0.000000,0.000000,0.000000,,71.975000,71.500000,8.492795,54.000000,94.000000,0.117996,4732020.000000,4732020.000000,0.000000,4732020.000000,4732020.000000,0.000000,0.000000,0.000000,0.000000,0.000000,0.000000,,0.000000,0.000000,0.000000,0.000000,0.000000,,1145.000000,1145.000000,0.000000,1145.000000,1145.000000,0.000000,1145.000000,1145.000000,0.000000,1145.000000,1145.000000,0.000000,0.000000,0.000000,0.000000,0.000000,0.000000,
arithmetic,208000,40,140.795600,130.725500,27.039976,113.070000,251.396000,0.192051,0.000000,0.000000,0.000000,0.000000,0.000000,,92.550000,88.500000,17.942858,75.000000,176.000000,0.193872,5824020.000000,5824020.000000,0.000000,5824020.000000,5824020.000000,0.000000,0.000000,0.000000,0.000000,0.000000,0.000000,,0.000000,0.000000,0.000000,0.000000,0.000000,,1145.000000,1145.000000,0.000000,1145.000000,1145.000000,0.000000,1145.000000,1145.000000,0.000000,1145.000000,1145.000000,0.000000,0.000000,0.000000,0.000000,0.000000,0.000000,
arithmetic,255000,40,145.452900,140.825500,20.525336,124.281000,230.752000,0.141113,0.000000,0.000000,0.000000,0.000000,0.000000,,103.800000,103.000000,8.153024,87.000000,126.000000,0.078546,7140020.000000,7140020.000000,0.000000,7140020.000000,7140020.000000,0.000000,0.000000,0.000000,0.000000,0.000000,0.000000,,0.000000,0.000000,0.000000,0.000000,0.000000,,1145.000000,1145.000000,0.000000,1145.000000,1145.000000,0.000000,1145.000000,1145.000000,0.000000,1145.000000,1145.000000,0.000000,0.000000,0.000000,0.000000,0.000000,0.000000,
arithmetic,314000,40,162.547650,159.981000,15.071145,143.881000,222.949000,0.092718,0.000000,0.000000,0.000000,0.000000,0.000000,,124.425000,124.000000,10.455982,108.000000,172.000000,0.084034,8792020.000000,8792020.000000,0.000000,8792020.000000,8792020.000000,0.000000,0.000000,0.000000,0.000000,0.000000,0.000000,,0.000000,0.000000,0.000000,0.000000,0.000000,,1145.000000,1145.000000,0.000000,1145.000000,1145.000000,0.000000,1145.000000,1145.000000,0.000000,1145.000000,1145.000000,0.000000,0.000000,0.000000,0.000000,0.000000,0.000000,
arithmetic,385000,40,188.223500,186.143500,13.977596,170.205000,240.292000,0.074261,0.000000,0.000000,0.000000,0.000000,0.000000,,151.025000,148.500000,14.555795,127.000000,207.000000,0.096380,10780020.000000,10780020.000000,0.000000,10780020.000000,10780020.000000,0.000000,0.000000,0.000000,0.000000,0.000000,0.000000,,0.000000,0.000000,0.000000,0.000000,0.000000,,1145.000000,1145.000000,0.000000,1145.000000,1145.000000,0.000000,1145.000000,1145.000000,0.000000,1145.000000,1145.000000,0.000000,0.000000,0.000000,0.000000,0.000000,0.000000,
arithmetic,473000,40,224.669075,216.282000,23.946971,203.997000,342.332000,0.106588,0.000000,0.000000,0.000000,0.000000,0.000000,,186.175000,182.000000,17.391256,165.000000,271.000000,0.093413,13244020.000000,13244020.000000,0.000000,13244020.000000,13244020.000000,0.000000,0.000000,0.000000,0.000000,0.000000,0.000000,,0.000000,0.000000,0.000000,0.000000,0.000000,,1145.000000,1145.000000,0.000000,1145.000000,1145.000000,0.000000,1145.000000,1145.000000,0.000000,1145.000000,1145.000000,0.000000,0.000000,0.000000,0.000000,0.000000,0.000000,
arithmetic,581000,40,254.492725,251.793500,12.534719,243.502000,304.192000,0.049254,0.000000,0.000000,0.000000,0.000000,0.000000,,218.525000,215.500000,13.266475,205.000000,273.000000,0.060709,16268020.000000,16268020.000000,0.000000,16268020.000000,16268020.000000,0.000000,0.000000,0.000000,0.000000,0.000000,0.000000,,0.000000,0.000000,0.000000,0.000000,0.000000,,1145.000000,1145.000000,0.000000,1145.000000,1145.000000,0.000000,1145.000000,1145.000000,0.000000,1145.000000,1145.000000,0.000000,0.000000,0.000000,0.000000,0.000000,0.000000,
arithmetic,714000,40,305.338425,299.074500,17.829726,287.571000,362.823000,0.058393,0.000000,0.000000,0.000000,0.000000,0.000000,,266.100000,265.000000,11.222231,247.000000,303.000000,0.042173,19992020.000000,19992020.000000,0.000000,19992020.000000,19992020.000000,0.000000,0.000000,0.000000,0.000000,0.000000,0.000000,,0.000000,0.000000,0.000000,0.000000,0.000000,,1145.000000,1145.000000,0.000000,1145.000000,1145.000000,0.000000,1145.000000,1145.000000,0.000000,1145.000000,1145.000000,0.000000,0.000000,0.000000,0.000000,0.000000,0.000000,
arithmetic,878000,40,361.244150,357.120000,22.548194,341.480000,482.539000,0.062418,0.000000,0.000000,0.000000,0.000000,0.000000,,324.800000,320.500000,13.527181,305.000000,363.000000,0.041648,24584020.000000,24584020.000000,0.000000,24584020.000000,24584020.000000,0.000000,0.000000,0.000000,0.000000,0.000000,0.000000,,0.000000,0.000000,0.000000,0.000000,0.000000,,1145.000000,1145.000000,0.000000,1145.000000,1145.000000,0.000000,1145.000000,1145.000000,0.000000,1145.000000,1145.000000,0.000000,0.000000,0.000000,0.000000,0.000000,0.000000,
arithmetic,1080000,40,427.563200,424.133500,16.909948,412.633000,509.291000,0.039550,0.000000,0.000000,0.000000,0.000000,0.000000,,391.950000,391.500000,9.527154,374.000000,426.000000,0.024307,30240020.000000,30240020.000000,0.000000,30240020.000000,30240020.000000,0.000000,0.000000,0.000000,0.000000,0.000000,0.000000,,0.000000,0.000000,0.000000,0.000000,0.000000,,1145.000000,1145.000000,0.000000,1145.000000,1145.000000,0.000000,1145.000000,1145.000000,0.000000,1145.000000,1145.000000,0.000000,0.000000,0.000000,0.000000,0.000000,0.000000,
arithmetic,1320000,40,542.071225,529.369000,46.051348,497.191000,748.248000,0.084954,0.000000,0.000000,0.000000,0.000000,0.000000,,492.925000,484.000000,26.687544,460.000000,562.000000,0.054141,36960020.000000,36960020.000000,0.000000,36960020.000000,36960020.000000,0.000000,0.000000,0.000000,0.000000,0.000000,0.000000,,0.000000,0.000000,0.000000,0.000000,0.000000,,1145.000000,1145.000000,0.000000,1145.000000,1145.000000,0.000000,1145.000000,1145.000000,0.000000,1145.000000,1145.000000,0.000000,0.000000,0.000000,0.000000,0.000000,0.000000,
arithmetic,1630000,40,661.556950,648.804000,46.483126,609.535000,798.821000,0.070263,0.000000,0.000000,0.000000,0.000000,0.000000,,619.600000,602.000000,39.150466,578.000000,736.000000,0.063187,45640020.000000,45640020.000000,0.000000,45640020.000000,45640020.000000,0.000000,0.000000,0.000000,0.000000,0.000000,0.000000,,0.000000,0.000000,0.000000,0.000000,0.000000,,1145.000000,1145.000000,0.000000,1145.000000,1145.000000,0.000000,1145.000000,1145.000000,0.000000,1145.000000,1145.000000,0.000000,0.000000,0.000000,0.000000,0.000000,0.000000,
arithmetic,2000000,40,823.452100,791.092000,69.494534,757.428000,1040.835000,0.084394,0.000000,0.000000,0.000000,0.000000,0.000000,,776.825000,749.000000,57.520515,713.000000,942.000000,0.074046,56000020.000000,56000020.000000,0.000000,56000020.000000,56000020.000000,0.000000,0.000000,0.000000,0.000000,0.000000,0.000000,,0.000000,0.000000,0.000000,0.000000,0.000000,,1145.000000,1145.000000,0.000000,1145.000000,1145.000000,0.000000,1145.000000,1145.000000,0.000000,1145.000000,1145.000000,0.000000,0.000000,0.000000,0.000000,0.000000,0.000000,
classes,12000,40,54.329275,50.161500,13.424311,39.644000,104.861000,0.247092,0.000000,0.000000,0.000000,0.000000,0.000000,,13.175000,14.500000,5.909087,0.000000,24.000000,0.448508,396032.000000,396032.000000,0.000000,396032.000000,396032.000000,0.000000,486.000000,486.000000,0.000000,486.000000,486.000000,0.000000,2.675000,2.000000,3.384637,0.000000,15.000000,1.265285,1048657.000000,1048657.000000,0.000000,1048657.000000,1048657.000000,0.000000,2210221.000000,2210221.000000,0.000000,2210221.000000,2210221.000000,0.000000,2206656.000000,2206656.000000,0.000000,2206656.000000,2206656.000000,0.000000
classes,14700,40,61.403875,53.736500,33.402125,44.679000,252.296000,0.543974,0.000000,0.000000,0.000000,0.000000,0.000000,,15.275000,16.000000,3.637324,6.000000,22.000000,0.238123,485132.000000,485132.000000,0.000000,485132.000000,485132.000000,0.000000,694.000000,694.000000,0.000000,694.000000,694.000000,0.000000,3.925000,3.000000,3.989650,0.000000,15.000000,1.016471,1048657.000000,1048657.000000,0.000000,1048657.000000,1048657.000000,0.000000,2707021.000000,2707021.000000,0.000000,2707021.000000,2707021.000000,0.000000,2704192.000000,2704192.000000,0.000000,2704192.000000,2704192.000000,0.000000
classes,18100,40,58.960600,55.844500,9.885418,44.857000,91.747000,0.167661,0.000000,0.000000,0.000000,0.000000,0.000000,,18.325000,19.000000,5.663140,5.000000,28.000000,0.309039,597332.000000,597332.000000,0.000000,597332.000000,597332.000000,0.000000,955.000000,955.000000,0.000000,955.000000,955.000000,0.000000,4.275000,3.000000,4.420161,0.000000,16.000000,1.033956,1048657.000000,1048657.000000,0.000000,1048657.000000,1048657.000000,0.000000,3332621.000000,3332621.000000,0.000000,3332621.000000,3332621.000000,0.000000,3328320.000000,3328320.000000,0.000000,3328320.000000,3328320.000000,0.000000
classes,22300,40,70.075425,61.951000,20.696190,47.681000,144.987000,0.295342,0.000000,0.000000,0.000000,0.000000,0.000000,,25.125000,25.000000,5.174828,16.000000,35.000000,0.205963,735932.000000,735932.000000,0.000000,735932.000000,735932.000000,0.000000,1278.000000,1278.000000,0.000000,1278.000000,1278.000000,0.000000,6.300000,5.500000,5.350294,0.000000,21.000000,0.849253,1048657.000000,1048657.000000,0.000000,1048657.000000,1048657.000000,0.000000,4105421.000000,4105421.000000,0.000000,4105421.000000,4105421.000000,0.000000,4101120.000000,4101120.000000,0.000000,4101120.000000,4101120.000000,0.000000
classes,27300,40,68.580350,66.299500,10.656674,52.409000,94.572000,0.155390,0.000000,0.000000,0.000000,0.000000,0.000000,,31.375000,30.000000,7.011666,24.000000,64.000000,0.223479,900932.000000,900932.000000,0.000000,900932.000000,900932.000000,0.000000,1663.000000,1663.000000,0.000000,1663.000000,1663.000000,0.000000,8.350000,7.000000,5.544921,0.000000,21.000000,0.664062,1048657.000000,1048657.000000,0.000000,1048657.000000,1048657.000000,0.000000,5025421.000000,5025421.000000,0.000000,5025421.000000,5025421.000000,0.000000,5021856.000000,5021856.000000,0.000000,5021856.000000,5021856.000000,0.000000
classes,33600,40,72.878400,69.374000,12.242288,59.615000,122.936000,0.167982,0.000000,0.000000,0.000000,0.000000,0.000000,,36.275000,35.000000,7.299412,22.000000,69.000000,0.201224,1108832.000000,1108832.000000,0.000000,1108832.000000,1108832.000000,0.000000,2148.000000,2148.000000,0.000000,2148.000000,2148.000000,0.000000,8.750000,7.000000,5.732275,2.000000,25.000000,0.655117,1048657.000000,1048657.000000,0.000000,1048657.000000,1048657.000000,0.000000,6184621.000000,6184621.000000,0.000000,6184621.000000,6184621.000000,0.000000,6182160.000000,6182160.000000,0.000000,6182160.000000,6182160.000000,0.000000
classes,41300,40,80.084450,75.446500,14.569428,68.474000,145.783000,0.181926,0.000000,0.000000,0.000000,0.000000,0.000000,,41.850000,42.000000,4.643993,23.000000,53.000000,0.110968,1362932.000000,1362932.000000,0.000000,1362932.000000,1362932.000000,0.000000,2740.000000,2740.000000,0.000000,2740.000000,2740.000000,0.000000,9.100000,8.000000,4.168256,2.000000,20.000000,0.458050,1048657.000000,1048657.000000,0.000000,1048657.000000,1048657.000000,0.000000,7601421.000000,7601421.000000,0.000000,7601421.000000,7601421.000000,0.000000,7598224.000000,7598224.000000,0.000000,7598224.000000,7598224.000000,0.000000
classes,50700,40,87.643000,83.485500,13.832740,74.774000,140.614000,0.157831,0.000000,0.000000,0.000000,0.000000,0.000000,,48.300000,48.000000,6.077280,34.000000,64.000000,0.125824,1673132.000000,1673132.000000,0.000000,1673132.000000,1673132.000000,0.000000,3463.000000,3463.000000,0.000000,3463.000000,3463.000000,0.000000,12.550000,10.000000,8.348038,3.000000,34.000000,0.665182,1048657.000000,1048657.000000,0.000000,1048657.000000,1048657.000000,0.000000,9331021.000000,9331021.000000,0.000000,9331021.000000,9331021.000000,0.000000,9327456.000000,9327456.000000,0.000000,9327456.000000,9327456.000000,0.000000
classes,62300,40,99.233100,94.142000,13.630604,83.994000,144.868000,0.137359,0.000000,0.000000,0.000000,0.000000,0.000000,,59.050000,58.000000,11.419619,45.000000,114.000000,0.193389,2055932.000000,2055932.000000,0.000000,2055932.000000,2055932.000000,0.000000,4355.000000,4355.000000,0.000000,4355.000000,4355.000000,0.000000,11.875000,10.000000,8.029393,0.000000,46.000000,0.676159,1048657.000000,1048657.000000,0.000000,1048657.000000,1048657.000000,0.000000,11465421.000000,11465421.000000,0.000000,11465421.000000,11465421.000000,0.000000,11461120.000000,11461120.000000,0.000000,11461120.000000,11461120.000000,0.000000
classes,76600,40,112.000375,109.990500,12.031048,97.758000,154.965000,0.107420,0.000000,0.000000,0.000000,0.000000,0.000000,,71.675000,70.500000,10.036823,60.000000,122.000000,0.140032,2527832.000000,2527832.000000,0.000000,2527832.000000,2527832.000000,0.000000,5455.000000,5455.000000,0.000000,5455.000000,5455.000000,0.000000,14.150000,14.000000,6.391300,0.000000,28.000000,0.451682,1048657.000000,1048657.000000,0.000000,1048657.000000,1048657.000000,0.000000,14096621.000000,14096621.000000,0.000000,14096621.000000,14096621.000000,0.000000,14092320.000000,14092320.000000,0.000000,14092320.000000,14092320.000000,0.000000
classes,94100,40,134.379050,130.514000,19.389875,112.285000,214.781000,0.144292,0.000000,0.000000,0.000000,0.000000,0.000000,,88.500000,85.500000,10.798860,72.000000,121.000000,0.122021,3105332.000000,3105332.000000,0.000000,3105332.000000,3105332.000000,0.000000,6801.000000,6801.000000,0.000000,6801.000000,6801.000000,0.000000,17.475000,16.500000,9.795309,2.000000,51.000000,0.560533,1048657.000000,1048657.000000,0.000000,1048657.000000,1048657.000000,0.000000,17316621.000000,17316621.000000,0.000000,17316621.000000,17316621.000000,0.000000,17311952.000000,17311952.000000,0.000000,17311952.000000,17311952.000000,0.000000
classes,116000,40,159.477275,149.546500,27.148920,132.716000,264.648000,0.170237,0.000000,0.000000,0.000000,0.000000,0.000000,,111.325000,108.000000,13.642670,94.000000,161.000000,0.122548,3828032.000000,3828032.000000,0.000000,3828032.000000,3828032.000000,0.000000,8486.000000,8486.000000,0.000000,8486.000000,8486.000000,0.000000,28.000000,26.000000,9.692715,6.000000,51.000000,0.346168,1048657.000000,1048657.000000,0.000000,1048657.000000,1048657.000000,0.000000,21346221.000000,21346221.000000,0.000000,21346221.000000,21346221.000000,0.000000,21342656.000000,21342656.000000,0.000000,21342656.000000,21342656.000000,0.000000
classes,142000,40,164.307425,160.664000,17.105963,147.611000,248.762000,0.104109,0.000000,0.000000,0.000000,0.000000,0.000000,,126.200000,125.000000,9.263106,111.000000,165.000000,0.073400,4686032.000000,4686032.000000,0.000000,4686032.000000,4686032.000000,0.000000,10486.000000,10486.000000,0.000000,10486.000000,10486.000000,0.000000,24.650000,24.000000,9.856795,7.000000,47.000000,0.399870,1048657.000000,1048657.000000,0.000000,1048657.000000,1048657.000000,0.000000,26130221.000000,26130221.000000,0.000000,26130221.000000,26130221.000000,0.000000,26126656.000000,26126656.000000,0.000000,26126656.000000,26126656.000000,0.000000
classes,174000,40,196.091700,191.428000,14.664786,181.224000,248.048000,0.074785,0.000000,0.000000,0.000000,0.000000,0.000000,,161.525000,160.000000,15.273553,140.000000,221.000000,0.094558,5742032.000000,5742032.000000,0.000000,5742032.000000,5742032.000000,0.000000,12948.000000,12948.000000,0.000000,12948.000000,12948.000000,0.000000,33.200000,30.500000,13.441612,6.000000,59.000000,0.404868,1048657.000000,1048657.000000,0.000000,1048657.000000,1048657.000000,0.000000,32018221.000000,32018221.000000,0.000000,32018221.000000,32018221.000000,0.000000,32015760.000000,32015760.000000,0.000000,32015760.000000,32015760.000000,0.000000
classes,214000,40,226.320900,223.228500,14.307219,210.601000,276.019000,0.063217,0.000000,0.000000,0.000000,0.000000,0.000000,,190.275000,188.000000,12.359959,174.000000,238.000000,0.064958,7062032.000000,7062032.000000,0.000000,7062032.000000,7062032.000000,0.000000,16025.000000,16025.000000,0.000000,16025.000000,16025.000000,0.000000,43.250000,42.000000,20.882762,11.000000,88.000000,0.482838,1048657.000000,1048657.000000,0.000000,1048657.000000,1048657.000000,0.000000,39378221.000000,39378221.000000,0.000000,39378221.000000,39378221.000000,0.000000,39375760.000000,39375760.000000,0.000000,39375760.000000,39375760.000000,0.000000
classes,263000,40,262.833775,260.353500,13.330384,244.649000,321.377000,0.050718,0.000000,0.000000,0.000000,0.000000,0.000000,,228.975000,227.500000,12.181296,215.000000,293.000000,0.053199,8679032.000000,8679032.000000,0.000000,8679032.000000,8679032.000000,0.000000,19794.000000,19794.000000,0.000000,19794.000000,19794.000000,0.000000,50.925000,53.000000,12.593013,22.000000,84.000000,0.247285,1048657.000000,1048657.000000,0.000000,1048657.000000,1048657.000000,0.000000,48394221.000000,48394221.000000,0.000000,48394221.000000,48394221.000000,0.000000,48391392.000000,48391392.000000,0.000000,48391392.000000,48391392.000000,0.000000
classes,324000,40,311.233725,306.936000,17.080508,292.808000,372.472000,0.054880,0.000000,0.000000,0.000000,0.000000,0.000000,,276.000000,274.000000,15.148834,256.000000,331.000000,0.054887,10692032.000000,10692032.000000,0.000000,10692032.000000,10692032.000000,0.000000,24486.000000,24486.000000,0.000000,24486.000000,24486.000000,0.000000,54.600000,52.500000,21.902816,16.000000,105.000000,0.401150,1048657.000000,1048657.000000,0.000000,1048657.000000,1048657.000000,0.000000,59618221.000000,59618221.000000,0.000000,59618221.000000,59618221.000000,0.000000,59614656.000000,59614656.000000,0.000000,59614656.000000,59614656.000000,0.000000
classes,397000,40,366.557350,366.228500,11.118802,348.222000,415.608000,0.030333,0.000000,0.000000,0.000000,0.000000,0.000000,,332.375000,332.000000,11.840148,316.000000,384.000000,0.035623,13101032.000000,13101032.000000,0.000000,13101032.000000,13101032.000000,0.000000,30101.000000,30101.000000,0.000000,30101.000000,30101.000000,0.000000,77.100000,81.000000,20.804092,24.000000,124.000000,0.269833,1048657.000000,1048657.000000,0.000000,1048657.000000,1048657.000000,0.000000,73050221.000000,73050221.000000,0.000000,73050221.000000,73050221.000000,0.000000,73045552.000000,73045552.000000,0.000000,73045552.000000,73045552.000000,0.000000
classes,488000,40,444.040875,440.637500,15.130648,427.786000,492.075000,0.034075,0.000000,0.000000,0.000000,0.000000,0.000000,,406.675000,404.000000,13.238227,390.000000,461.000000,0.032552,16104032.000000,16104032.000000,0.000000,16104032.000000,16104032.000000,0.000000,37101.000000,37101.000000,0.000000,37101.000000,37101.000000,0.000000,94.500000,90.500000,30.068298,46.000000,157.000000,0.318183,1048657.000000,1048657.000000,0.000000,1048657.000000,1048657.000000,0.000000,89794221.000000,89794221.000000,0.000000,89794221.000000,89794221.000000,0.000000,89789552.000000,89789552.000000,0.000000,89789552.000000,89789552.000000,0.000000
classes,600000,40,572.809575,544.427000,61.657257,514.043000,714.802000,0.107640,0.000000,0.000000,0.000000,0.000000,0.000000,,535.850000,509.500000,55.404596,472.000000,668.000000,0.103396,19800032.000000,19800032.000000,0.000000,19800032.000000,19800032.000000,0.000000,45717.000000,45717.000000,0.000000,45717.000000,45717.000000,0.000000,119.425000,120.000000,29.643080,45.000000,166.000000,0.248215,1048657.000000,1048657.000000,0.000000,1048657.000000,1048657.000000,0.000000,110402221.000000,110402221.000000,0.000000,110402221.000000,110402221.000000,0.000000,110399024.000000,110399024.000000,0.000000,110399024.000000,110399024.000000,0.000000
closures,14000,40,77.226725,68.166000,32.856040,45.319000,172.785000,0.425449,0.000000,0.000000,0.000000,0.000000,0.000000,,15.150000,15.000000,5.677441,0.000000,29.000000,0.374749,546040.000000,546040.000000,0.000000,546040.000000,546040.000000,0.000000,0.000000,0.000000,0.000000,0.000000,0.000000,,0.000000,0.000000,0.000000,0.000000,0.000000,,842577.000000,842577.000000,0.000000,842577.000000,842577.000000,0.000000,842705.000000,842705.000000,0.000000,842705.000000,842705.000000,0.000000,128.000000,128.000000,0.000000,128.000000,128.000000,0.000000
closures,17200,40,62.310275,57.145500,14.635188,43.848000,123.808000,0.234876,0.000000,0.000000,0.000000,0.000000,0.000000,,14.725000,15.000000,4.981955,1.000000,24.000000,0.338333,670840.000000,670840.000000,0.000000,670840.000000,670840.000000,0.000000,0.000000,0.000000,0.000000,0.000000,0.000000,,0.000000,0.000000,0.000000,0.000000,0.000000,,1034577.000000,1034577.000000,0.000000,1034577.000000,1034577.000000,0.000000,1034705.000000,1034705.000000,0.000000,1034705.000000,1034705.000000,0.000000,128.000000,128.000000,0.000000,128.000000,128.000000,0.000000
closures,21100,40,98.502550,81.933500,41.664129,54.984000,220.664000,0.422975,0.000000,0.000000,0.000000,0.000000,0.000000,,26.025000,25.000000,7.754197,8.000000,46.000000,0.297952,822940.000000,822940.000000,0.000000,822940.000000,822940.000000,0.000000,84.000000,84.000000,0.000000,84.000000,84.000000,0.000000,4.875000,4.000000,3.810831,0.000000,21.000000,0.781709,1048585.000000,1048585.000000,0.000000,1048585.000000,1048585.000000,0.000000,1268705.000000,1268705.000000,0.000000,1268705.000000,1268705.000000,0.000000,1265168.000000,1265168.000000,0.000000,1265168.000000,1265168.000000,0.000000
closures,26000,40,71.625300,62.316000,24.045101,49.726000,152.716000,0.335707,0.000000,0.000000,0.000000,0.000000,0.000000,,27.750000,25.500000,8.675784,11.000000,68.000000,0.312641,1014040.000000,1014040.000000,0.000000,1014040.000000,1014040.000000,0.000000,195.000000,195.000000,0.000000,195.000000,195.000000,0.000000,5.625000,4.000000,6.188026,0.000000,39.000000,1.100094,1048585.000000,1048585.000000,0.000000,1048585.000000,1048585.000000,0.000000,1562705.000000,1562705.000000,0.000000,1562705.000000,1562705.000000,0.000000,1558208.000000,1558208.000000,0.000000,1558208.000000,1558208.000000,0.000000
closures,31900,40,70.143150,63.073000,23.957953,51.896000,175.552000,0.341558,0.000000,0.000000,0.000000,0.000000,0.000000,,38.175000,37.000000,6.838381,26.000000,65.000000,0.179132,1244140.000000,1244140.000000,0.000000,1244140.000000,1244140.000000,0.000000,329.000000,329.000000,0.000000,329.000000,329.000000,0.000000,7.125000,6.500000,4.614289,0.000000,20.000000,0.647620,1048585.000000,1048585.000000,0.000000,1048585.000000,1048585.000000,0.000000,1916705.000000,1916705.000000,0.000000,1916705.000000,1916705.000000,0.000000,1911968.000000,1911968.000000,0.000000,1911968.000000,1911968.000000,0.000000
closures,39200,40,69.338700,68.564000,10.839542,52.471000,101.806000,0.156327,0.000000,0.000000,0.000000,0.000000,0.000000,,43.350000,43.000000,5.881523,29.000000,62.000000,0.135675,1528840.000000,1528840.000000,0.000000,1528840.000000,1528840.000000,0.000000,495.000000,495.000000,0.000000,495.000000,495.000000,0.000000,8.000000,7.000000,5.223222,0.000000,18.000000,0.652903,1048585.000000,1048585.000000,0.000000,1048585.000000,1048585.000000,0.000000,2354705.000000,2354705.000000,0.000000,2354705.000000,2354705.000000,0.000000,2350208.000000,2350208.000000,0.000000,2350208.000000,2350208.000000,0.000000
closures,48200,40,79.750600,79.608000,13.811946,61.863000,122.501000,0.173189,0.000000,0.000000,0.000000,0.000000,0.000000,,52.975000,51.000000,6.466829,40.000000,67.000000,0.122073,1879840.000000,1879840.000000,0.000000,1879840.000000,1879840.000000,0.000000,700.000000,700.000000,0.000000,700.000000,700.000000,0.000000,8.500000,7.500000,5.099020,0.000000,17.000000,0.599885,1048585.000000,1048585.000000,0.000000,1048585.000000,1048585.000000,0.000000,2894705.000000,2894705.000000,0.000000,2894705.000000,2894705.000000,0.000000,2891408.000000,2891408.000000,0.000000,2891408.000000,2891408.000000,0.000000
closures,59200,40,105.173175,103.987000,19.515722,67.273000,174.099000,0.185558,0.000000,0.000000,0.000000,0.000000,0.000000,,73.750000,74.500000,11.674539,53.000000,107.000000,0.158299,2308840.000000,2308840.000000,0.000000,2308840.000000,2308840.000000,0.000000,950.000000,950.000000,0.000000,950.000000,950.000000,0.000000,12.225000,11.500000,6.669823,0.000000,35.000000,0.545589,1048585.000000,1048585.000000,0.000000,1048585.000000,1048585.000000,0.000000,3554705.000000,3554705.000000,0.000000,3554705.000000,3554705.000000,0.000000,3551408.000000,3551408.000000,0.000000,3551408.000000,3551408.000000,0.000000
closures,72700,40,127.036875,123.752500,22.271951,106.351000,247.946000,0.175319,0.000000,0.000000,0.000000,0.000000,0.000000,,89.700000,88.000000,8.361082,69.000000,107.000000,0.093212,2835340.000000,2835340.000000,0.000000,2835340.000000,2835340.000000,0.000000,1257.000000,1257.000000,0.000000,1257.000000,1257.000000,0.000000,12.650000,12.000000,4.817436,3.000000,24.000000,0.380825,1048585.000000,1048585.000000,0.000000,1048585.000000,1048585.000000,0.000000,4364705.000000,4364705.000000,0.000000,4364705.000000,4364705.000000,0.000000,4361888.000000,4361888.000000,0.000000,4361888.000000,4361888.000000,0.000000
closures,89300,40,132.390425,126.339000,23.318737,113.879000,255.854000,0.176136,0.000000,0.000000,0.000000,0.000000,0.000000,,100.475000,96.500000,19.324473,81.000000,210.000000,0.192331,3482740.000000,3482740.000000,0.000000,3482740.000000,3482740.000000,0.000000,1634.000000,1634.000000,0.000000,1634.000000,1634.000000,0.000000,17.475000,16.000000,9.206986,5.000000,49.000000,0.526866,1048585.000000,1048585.000000,0.000000,1048585.000000,1048585.000000,0.000000,5360705.000000,5360705.000000,0.000000,5360705.000000,5360705.000000,0.000000,5357168.000000,5357168.000000,0.000000,5357168.000000,5357168.000000,0.000000
closures,110000,40,147.436025,144.608000,13.132524,126.663000,184.228000,0.089073,0.000000,0.000000,0.000000,0.000000,0.000000,,117.700000,117.000000,10.069502,96.000000,146.000000,0.085552,4290040.000000,4290040.000000,0.000000,4290040.000000,4290040.000000,0.000000,2104.000000,2104.000000,0.000000,2104.000000,2104.000000,0.000000,20.650000,20.000000,9.051278,7.000000,44.000000,0.438319,1048585.000000,1048585.000000,0.000000,1048585.000000,1048585.000000,0.000000,6602705.000000,6602705.000000,0.000000,6602705.000000,6602705.000000,0.000000,6597968.000000,6597968.000000,0.000000,6597968.000000,6597968.000000,0.000000
closures,135000,40,171.792450,171.784500,11.609711,151.742000,209.537000,0.067580,0.000000,0.000000,0.000000,0.000000,0.000000,,144.375000,143.000000,9.094060,128.000000,174.000000,0.062989,5265040.000000,5265040.000000,0.000000,5265040.000000,5265040.000000,0.000000,2672.000000,2672.000000,0.000000,2672.000000,2672.000000,0.000000,23.325000,22.500000,11.748186,4.000000,47.000000,0.503674,1048585.000000,1048585.000000,0.000000,1048585.000000,1048585.000000,0.000000,8102705.000000,8102705.000000,0.000000,8102705.000000,8102705.000000,0.000000,8097488.000000,8097488.000000,0.000000,8097488.000000,8097488.000000,0.000000
closures,166000,40,204.262100,201.482500,14.310706,183.234000,250.830000,0.070061,0.000000,0.000000,0.000000,0.000000,0.000000,,175.650000,174.500000,12.609622,154.000000,217.000000,0.071788,6474040.000000,6474040.000000,0.000000,6474040.000000,6474040.000000,0.000000,3377.000000,3377.000000,0.000000,3377.000000,3377.000000,0.000000,27.775000,27.000000,10.761964,6.000000,49.000000,0.387469,1048585.000000,1048585.000000,0.000000,1048585.000000,1048585.000000,0.000000,9962705.000000,9962705.000000,0.000000,9962705.000000,9962705.000000,0.000000,9958688.000000,9958688.000000,0.000000,9958688.000000,9958688.000000,0.000000
closures,204000,40,239.444950,234.716000,22.246322,213.826000,326.344000,0.092908,0.000000,0.000000,0.000000,0.000000,0.000000,,211.300000,207.000000,16.495843,184.000000,257.000000,0.078068,7956040.000000,7956040.000000,0.000000,7956040.000000,7956040.000000,0.000000,4241.000000,4241.000000,0.000000,4241.000000,4241.000000,0.000000,34.275000,28.500000,14.966608,13.000000,73.000000,0.436663,1048585.000000,1048585.000000,0.000000,1048585.000000,1048585.000000,0.000000,12242705.000000,12242705.000000,0.000000,12242705.000000,12242705.000000,0.000000,12239648.000000,12239648.000000,0.000000,12239648.000000,12239648.000000,0.000000
closures,250000,40,277.380400,272.233500,24.980699,251.045000,369.064000,0.090059,0.000000,0.000000,0.000000,0.000000,0.000000,,246.875000,244.000000,21.256899,220.000000,350.000000,0.086104,9750040.000000,9750040.000000,0.000000,9750040.000000,9750040.000000,0.000000,5286.000000,5286.000000,0.000000,5286.000000,5286.000000,0.000000,39.100000,36.000000,15.428578,10.000000,75.000000,0.394593,1048585.000000,1048585.000000,0.000000,1048585.000000,1048585.000000,0.000000,15002705.000000,15002705.000000,0.000000,15002705.000000,15002705.000000,0.000000,14998448.000000,14998448.000000,0.000000,14998448.000000,14998448.000000,0.000000
closures,307000,40,330.313350,321.522000,36.094624,282.738000,423.507000,0.109274,0.000000,0.000000,0.000000,0.000000,0.000000,,302.250000,297.000000,30.050172,264.000000,385.000000,0.099422,11973040.000000,11973040.000000,0.000000,11973040.000000,11973040.000000,0.000000,6582.000000,6582.000000,0.000000,6582.000000,6582.000000,0.000000,48.225000,49.000000,14.217157,17.000000,73.000000,0.294809,1048585.000000,1048585.000000,0.000000,1048585.000000,1048585.000000,0.000000,18422705.000000,18422705.000000,0.000000,18422705.000000,18422705.000000,0.000000,18419888.000000,18419888.000000,0.000000,18419888.000000,18419888.000000,0.000000
closures,377000,40,377.978200,369.470000,24.134161,346.509000,442.584000,0.063851,0.000000,0.000000,0.000000,0.000000,0.000000,,354.425000,348.000000,21.041945,325.000000,409.000000,0.059369,14703040.000000,14703040.000000,0.000000,14703040.000000,14703040.000000,0.000000,8172.000000,8172.000000,0.000000,8172.000000,8172.000000,0.000000,55.850000,54.000000,18.115796,20.000000,90.000000,0.324365,1048585.000000,1048585.000000,0.000000,1048585.000000,1048585.000000,0.000000,22622705.000000,22622705.000000,0.000000,22622705.000000,22622705.000000,0.000000,22617488.000000,22617488.000000,0.000000,22617488.000000,22617488.000000,0.000000
closures,464000,40,448.909050,440.217000,32.370169,412.681000,549.396000,0.072109,0.000000,0.000000,0.000000,0.000000,0.000000,,424.900000,415.500000,32.537789,379.000000,534.000000,0.076578,18096040.000000,18096040.000000,0.000000,18096040.000000,18096040.000000,0.000000,10150.000000,10150.000000,0.000000,10150.000000,10150.000000,0.000000,69.275000,71.000000,27.390797,24.000000,160.000000,0.395392,1048585.000000,1048585.000000,0.000000,1048585.000000,1048585.000000,0.000000,27842705.000000,27842705.000000,0.000000,27842705.000000,27842705.000000,0.000000,27839408.000000,27839408.000000,0.000000,27839408.000000,27839408.000000,0.000000
closures,570000,40,642.250375,623.117000,61.287003,575.149000,834.498000,0.095425,0.000000,0.000000,0.000000,0.000000,0.000000,,613.425000,596.000000,59.131270,541.000000,797.000000,0.096395,22230040.000000,22230040.000000,0.000000,22230040.000000,22230040.000000,0.000000,12559.000000,12559.000000,0.000000,12559.000000,12559.000000,0.000000,97.925000,97.000000,23.238328,51.000000,151.000000,0.237307,1048585.000000,1048585.000000,0.000000,1048585.000000,1048585.000000,0.000000,34202705.000000,34202705.000000,0.000000,34202705.000000,34202705.000000,0.000000,34199168.000000,34199168.000000,0.000000,34199168.000000,34199168.000000,0.000000
closures,700000,40,791.579725,770.154000,119.258061,625.789000,1318.130000,0.150658,0.000000,0.000000,0.000000,0.000000,0.000000,,756.450000,733.500000,111.574731,609.000000,1246.000000,0.147498,27300040.000000,27300040.000000,0.000000,27300040.000000,27300040.000000,0.000000,15513.000000,15513.000000,0.000000,15513.000000,15513.000000,0.000000,120.750000,120.500000,34.400171,32.000000,191.000000,0.284888,1048585.000000,1048585.000000,0.000000,1048585.000000,1048585.000000,0.000000,42002705.000000,42002705.000000,0.000000,42002705.000000,42002705.000000,0.000000,41997728.000000,41997728.000000,0.000000,41997728.000000,41997728.000000,0.000000
control_flow,20000,40,56.419525,53.764500,13.933122,41.401000,119.335000,0.246956,0.000000,0.000000,0.000000,0.000000,0.000000,,22.175000,22.500000,4.567935,11.000000,31.000000,0.205995,1100021.000000,1100021.000000,0.000000,1100021.000000,1100021.000000,0.000000,0.000000,0.000000,0.000000,0.000000,0.000000,,0.000000,0.000000,0.000000,0.000000,0.000000,,2169.000000,2169.000000,0.000000,2169.000000,2169.000000,0.000000,2169.000000,2169.000000,0.000000,2169.000000,2169.000000,0.000000,0.000000,0.000000,0.000000,0.000000,0.000000,
control_flow,24600,40,61.805450,59.202000,10.269735,47.402000,97.667000,0.166162,0.000000,0.000000,0.000000,0.000000,0.000000,,28.925000,29.000000,6.572622,14.000000,45.000000,0.227230,1353027.000000,1353027.000000,0.000000,1353027.000000,1353027.000000,0.000000,0.000000,0.000000,0.000000,0.000000,0.000000,,0.000000,0.000000,0.000000,0.000000,0.000000,,2169.000000,2169.000000,0.000000,2169.000000,2169.000000,0.000000,2169.000000,2169.000000,0.000000,2169.000000,2169.000000,0.000000,0.000000,0.000000,0.000000,0.000000,0.000000,
control_flow,30200,40,68.204950,67.518000,8.779604,53.712000,98.686000,0.128724,0.000000,0.000000,0.000000,0.000000,0.000000,,35.600000,35.000000,4.482444,27.000000,45.000000,0.125911,1661021.000000,1661021.000000,0.000000,1661021.000000,1661021.000000,0.000000,0.000000,0.000000,0.000000,0.000000,0.000000,,0.000000,0.000000,0.000000,0.000000,0.000000,,2169.000000,2169.000000,0.000000,2169.000000,2169.000000,0.000000,2169.000000,2169.000000,0.000000,2169.000000,2169.000000,0.000000,0.000000,0.000000,0.000000,0.000000,0.000000,
control_flow,37100,40,76.288350,74.958000,8.676553,59.994000,95.212000,0.113734,0.000000,0.000000,0.000000,0.000000,0.000000,,44.475000,44.000000,3.856314,37.000000,54.000000,0.086707,2040521.000000,2040521.000000,0.000000,2040521.000000,2040521.000000,0.000000,0.000000,0.000000,0.000000,0.000000,0.000000,,0.000000,0.000000,0.000000,0.000000,0.000000,,2169.000000,2169.000000,0.000000,2169.000000,2169.000000,0.000000,2169.000000,2169.000000,0.000000,2169.000000,2169.000000,0.000000,0.000000,0.000000,0.000000,0.000000,0.000000,
control_flow,45600,40,88.321350,84.415500,15.500067,71.080000,147.210000,0.175496,0.000000,0.000000,0.000000,0.000000,0.000000,,55.600000,54.000000,8.098116,45.000000,95.000000,0.145650,2508027.000000,2508027.000000,0.000000,2508027.000000,2508027.000000,0.000000,0.000000,0.000000,0.000000,0.000000,0.000000,,0.000000,0.000000,0.000000,0.000000,0.000000,,2169.000000,2169.000000,0.000000,2169.000000,2169.000000,0.000000,2169.000000,2169.000000,0.000000,2169.000000,2169.000000,0.000000,0.000000,0.000000,0.000000,0.000000,0.000000,
control_flow,56000,40,104.280375,102.270500,12.493754,82.957000,143.862000,0.119809,0.000000,0.000000,0.000000,0.000000,0.000000,,69.950000,67.500000,9.204096,59.000000,117.000000,0.131581,3080021.000000,3080021.000000,0.000000,3080021.000000,3080021.000000,0.000000,0.000000,0.000000,0.000000,0.000000,0.000000,,0.000000,0.000000,0.000000,0.000000,0.000000,,2169.000000,2169.000000,0.000000,2169.000000,2169.000000,0.000000,2169.000000,2169.000000,0.000000,2169.000000,2169.000000,0.000000,0.000000,0.000000,0.000000,0.000000,0.000000,
control_flow,68800,40,113.882875,108.989500,20.733491,93.767000,223.073000,0.182060,0.000000,0.000000,0.000000,0.000000,0.000000,,78.825000,77.000000,10.073798,59.000000,121.000000,0.127800,3784018.000000,3784018.000000,0.000000,3784018.000000,3784018.000000,0.000000,0.000000,0.000000,0.000000,0.000000,0.000000,,0.000000,0.000000,0.000000,0.000000,0.000000,,2169.000000,2169.000000,0.000000,2169.000000,2169.000000,0.000000,2169.000000,2169.000000,0.000000,2169.000000,2169.000000,0.000000,0.000000,0.000000,0.000000,0.000000,0.000000,
control_flow,84500,40,126.409475,121.915000,14.920262,105.998000,180.704000,0.118031,0.000000,0.000000,0.000000,0.000000,0.000000,,92.500000,91.000000,10.628940,78.000000,128.000000,0.114907,4647521.000000,4647521.000000,0.000000,4647521.000000,4647521.000000,0.000000,0.000000,0.000000,0.000000,0.000000,0.000000,,0.000000,0.000000,0.000000,0.000000,0.000000,,2169.000000,2169.000000,0.000000,2169.000000,2169.000000,0.000000,2169.000000,2169.000000,0.000000,2169.000000,2169.000000,0.000000,0.000000,0.000000,0.000000,0.000000,0.000000,
control_flow,104000,40,135.441250,132.500500,11.745199,118.847000,169.632000,0.086718,0.000000,0.000000,0.000000,0.000000,0.000000,,104.750000,105.000000,7.008237,90.000000,120.000000,0.066904,5720021.000000,5720021.000000,0.000000,5720021.000000,5720021.000000,0.000000,0.000000,0.000000,0.000000,0.000000,0.000000,,0.000000,0.000000,0.000000,0.000000,0.000000,,2169.000000,2169.000000,0.000000,2169.000000,2169.000000,0.000000,2169.000000,2169.000000,0.000000,2169.000000,2169.000000,0.000000,0.000000,0.000000,0.000000,0.000000,0.000000,
control_flow,128000,40,158.098325,153.816500,20.796778,136.714000,237.700000,0.131543,0.000000,0.000000,0.000000,0.000000,0.000000,,131.875000,126.500000,19.896124,111.000000,216.000000,0.150871,7040021.000000,7040021.000000,0.000000,7040021.000000,7040021.000000,0.000000,0.000000,0.000000,0.000000,0.000000,0.000000,,0.000000,0.000000,0.000000,0.000000,0.000000,,2169.000000,2169.000000,0.000000,2169.000000,2169.000000,0.000000,2169.000000,2169.000000,0.000000,2169.000000,2169.000000,0.000000,0.000000,0.000000,0.000000,0.000000,0.000000,
control_flow,157000,40,182.673400,179.942500,21.228210,161.950000,282.302000,0.116209,0.000000,0.000000,0.000000,0.000000,0.000000,,153.025000,151.000000,9.775657,133.000000,181.000000,0.063883,8635018.000000,8635018.000000,0.000000,8635018.000000,8635018.000000,0.000000,0.000000,0.000000,0.000000,0.000000,0.000000,,0.000000,0.000000,0.000000,0.000000,0.000000,,2169.000000,2169.000000,0.000000,2169.000000,2169.000000,0.000000,2169.000000,2169.000000,0.000000,2169.000000,2169.000000,0.000000,0.000000,0.000000,0.000000,0.000000,0.000000,
control_flow,193000,40,249.135525,250.164500,33.197920,203.820000,341.843000,0.133252,0.000000,0.000000,0.000000,0.000000,0.000000,,215.200000,214.000000,28.873020,170.000000,298.000000,0.134168,10615018.000000,10615018.000000,0.000000,10615018.000000,10615018.000000,0.000000,0.000000,0.000000,0.000000,0.000000,0.000000,,0.000000,0.000000,0.000000,0.000000,0.000000,,2169.000000,2169.000000,0.000000,2169.000000,2169.000000,0.000000,2169.000000,2169.000000,0.000000,2169.000000,2169.000000,0.000000,0.000000,0.000000,0.000000,0.000000,0.000000,
control_flow,237000,40,271.762650,255.606000,41.320240,235.355000,418.145000,0.152045,0.000000,0.000000,0.000000,0.000000,0.000000,,240.000000,225.500000,39.489044,195.000000,386.000000,0.164538,13035027.000000,13035027.000000,0.000000,13035027.000000,13035027.000000,0.000000,0.000000,0.000000,0.000000,0.000000,0.000000,,0.000000,0.000000,0.000000,0.000000,0.000000,,2169.000000,2169.000000,0.000000,2169.000000,2169.000000,0.000000,2169.000000,2169.000000,0.000000,2169.000000,2169.000000,0.000000,0.000000,0.000000,0.000000,0.000000,0.000000,
control_flow,291000,40,304.947900,296.866000,30.615069,263.962000,372.668000,0.100394,0.000000,0.000000,0.000000,0.000000,0.000000,,276.000000,269.000000,25.431658,243.000000,339.000000,0.092144,16005027.000000,16005027.000000,0.000000,16005027.000000,16005027.000000,0.000000,0.000000,0.000000,0.000000,0.000000,0.000000,,0.000000,0.000000,0.000000,0.000000,0.000000,,2169.000000,2169.000000,0.000000,2169.000000,2169.000000,0.000000,2169.000000,2169.000000,0.000000,2169.000000,2169.000000,0.000000,0.000000,0.000000,0.000000,0.000000,0.000000,
control_flow,357000,40,336.819375,331.115500,24.826072,303.034000,416.336000,0.073707,0.000000,0.000000,0.000000,0.000000,0.000000,,311.825000,308.000000,22.433820,282.000000,389.000000,0.071944,19635027.000000,19635027.000000,0.000000,19635027.000000,19635027.000000,0.000000,0.000000,0.000000,0.000000,0.000000,0.000000,,0.000000,0.000000,0.000000,0.000000,0.000000,,2169.000000,2169.000000,0.000000,2169.000000,2169.000000,0.000000,2169.000000,2169.000000,0.000000,2169.000000,2169.000000,0.000000,0.000000,0.000000,0.000000,0.000000,0.000000,
control_flow,439000,40,524.351200,516.745000,135.710401,369.270000,943.562000,0.258816,0.000000,0.000000,0.000000,0.000000,0.000000,,490.825000,486.000000,129.582938,344.000000,843.000000,0.264010,24145018.000000,24145018.000000,0.000000,24145018.000000,24145018.000000,0.000000,0.000000,0.000000,0.000000,0.000000,0.000000,,0.000000,0.000000,0.000000,0.000000,0.000000,,2169.000000,2169.000000,0.000000,2169.000000,2169.000000,0.000000,2169.000000,2169.000000,0.000000,2169.000000,2169.000000,0.000000,0.000000,0.000000,0.000000,0.000000,0.000000,
control_flow,539000,40,712.737775,462.119000,583.916658,392.465000,3394.154000,0.819259,0.000000,0.000000,0.000000,0.000000,0.000000,,449.425000,421.000000,79.012134,375.000000,701.000000,0.175807,29645021.000000,29645021.000000,0.000000,29645021.000000,29645021.000000,0.000000,0.000000,0.000000,0.000000,0.000000,0.000000,,0.000000,0.000000,0.000000,0.000000,0.000000,,2169.000000,2169.000000,0.000000,2169.000000,2169.000000,0.000000,2169.000000,2169.000000,0.000000,2169.000000,2169.000000,0.000000,0.000000,0.000000,0.000000,0.000000,0.000000,
control_flow,662000,40,694.330225,662.605500,293.937190,491.545000,2470.637000,0.423339,0.000000,0.000000,0.000000,0.000000,0.000000,,616.475000,626.500000,58.849215,483.000000,757.000000,0.095461,36410021.000000,36410021.000000,0.000000,36410021.000000,36410021.000000,0.000000,0.000000,0.000000,0.000000,0.000000,0.000000,,0.000000,0.000000,0.000000,0.000000,0.000000,,2169.000000,2169.000000,0.000000,2169.000000,2169.000000,0.000000,2169.000000,2169.000000,0.000000,2169.000000,2169.000000,0.000000,0.000000,0.000000,0.000000,0.000000,0.000000,
control_flow,814000,40,910.255825,828.729500,157.221483,777.764000,1325.044000,0.172722,0.000000,0.000000,0.000000,0.000000,0.000000,,866.550000,789.500000,148.139565,721.000000,1250.000000,0.170953,44770018.000000,44770018.000000,0.000000,44770018.000000,44770018.000000,0.000000,0.000000,0.000000,0.000000,0.000000,0.000000,,0.000000,0.000000,0.000000,0.000000,0.000000,,2169.000000,2169.000000,0.000000,2169.000000,2169.000000,0.000000,2169.000000,2169.000000,0.000000,2169.000000,2169.000000,0.000000,0.000000,0.000000,0.000000,0.000000,0.000000,
control_flow,1000000,40,1014.724225,932.283500,498.081761,775.107000,3997.619000,0.490854,0.000000,0.000000,0.000000,0.000000,0.000000,,865.800000,872.500000,82.970245,736.000000,1048.000000,0.095831,55000018.000000,55000018.000000,0.000000,55000018.000000,55000018.000000,0.000000,0.000000,0.000000,0.000000,0.000000,0.000000,,0.000000,0.000000,0.000000,0.000000,0.000000,,2169.000000,2169.000000,0.000000,2169.000000,2169.000000,0.000000,2169.000000,2169.000000,0.000000,2169.000000,2169.000000,0.000000,0.000000,0.000000,0.000000,0.000000,0.000000,
gc_stress,6000,40,62.939875,60.893500,14.799854,31.895000,114.003000,0.235143,0.000000,0.000000,0.000000,0.000000,0.000000,,25.675000,25.500000,9.081928,6.000000,50.000000,0.353726,432034.000000,432034.000000,0.000000,432034.000000,432034.000000,0.000000,4.000000,4.000000,0.000000,4.000000,4.000000,0.000000,6.800000,7.000000,4.170716,0.000000,16.000000,0.613341,1248563.000000,1248563.000000,0.000000,1248563.000000,1248563.000000,0.000000,2810251.000000,2810251.000000,0.000000,2810251.000000,2810251.000000,0.000000,1659968.000000,1659968.000000,0.000000,1659968.000000,1659968.000000,0.000000
gc_stress,7370,40,80.327125,72.581500,31.713253,52.586000,250.462000,0.394801,0.000000,0.000000,0.000000,0.000000,0.000000,,36.975000,36.000000,9.225070,21.000000,65.000000,0.249495,530674.000000,530674.000000,0.000000,530674.000000,530674.000000,0.000000,5.000000,5.000000,0.000000,5.000000,5.000000,0.000000,10.675000,10.500000,5.394144,0.000000,22.000000,0.505306,1664771.000000,1664771.000000,0.000000,1664771.000000,1664771.000000,0.000000,3451411.000000,3451411.000000,0.000000,3451411.000000,3451411.000000,0.000000,2215016.000000,2215016.000000,0.000000,2215016.000000,2215016.000000,0.000000
gc_stress,9060,40,86.371000,78.191000,37.753140,58.388000,285.475000,0.437104,0.000000,0.000000,0.000000,0.000000,0.000000,,40.675000,40.500000,9.354520,23.000000,65.000000,0.229982,652354.000000,652354.000000,0.000000,652354.000000,652354.000000,0.000000,5.000000,5.000000,0.000000,5.000000,5.000000,0.000000,10.375000,11.000000,4.865828,2.000000,23.000000,0.468995,2027315.000000,2027315.000000,0.000000,2027315.000000,2027315.000000,0.000000,4242331.000000,4242331.000000,0.000000,4242331.000000,4242331.000000,0.000000,2215016.000000,2215016.000000,0.000000,2215016.000000,2215016.000000,0.000000
gc_stress,11100,40,89.382400,85.844000,19.050724,66.995000,162.335000,0.213137,0.000000,0.000000,0.000000,0.000000,0.000000,,50.475000,50.500000,10.374988,33.000000,89.000000,0.205547,799234.000000,799234.000000,0.000000,799234.000000,799234.000000,0.000000,6.000000,6.000000,0.000000,6.000000,6.000000,0.000000,14.550000,14.000000,6.812319,3.000000,31.000000,0.468201,2242283.000000,2242283.000000,0.000000,2242283.000000,2242283.000000,0.000000,5197051.000000,5197051.000000,0.000000,5197051.000000,5197051.000000,0.000000,2954768.000000,2954768.000000,0.000000,2954768.000000,2954768.000000,0.000000
gc_stress,13700,40,101.580950,97.130500,18.205616,77.388000,177.457000,0.179223,0.000000,0.000000,0.000000,0.000000,0.000000,,63.525000,61.500000,14.416848,46.000000,137.000000,0.226948,986434.000000,986434.000000,0.000000,986434.000000,986434.000000,0.000000,7.000000,7.000000,0.000000,7.000000,7.000000,0.000000,19.550000,20.000000,5.425250,10.000000,31.000000,0.277506,2959571.000000,2959571.000000,0.000000,2959571.000000,2959571.000000,0.000000,6413851.000000,6413851.000000,0.000000,6413851.000000,6413851.000000,0.000000,3941312.000000,3941312.000000,0.000000,3941312.000000,3941312.000000,0.000000
gc_stress,16800,40,118.972100,115.173500,22.771462,86.230000,186.640000,0.191402,0.000000,0.000000,0.000000,0.000000,0.000000,,73.850000,69.500000,15.577021,53.000000,120.000000,0.210928,1209634.000000,1209634.000000,0.000000,1209634.000000,1209634.000000,0.000000,7.000000,7.000000,0.000000,7.000000,7.000000,0.000000,19.500000,18.000000,7.476459,6.000000,42.000000,0.383408,3923339.000000,3923339.000000,0.000000,3923339.000000,3923339.000000,0.000000,7864651.000000,7864651.000000,0.000000,7864651.000000,7864651.000000,0.000000,3941312.000000,3941312.000000,0.000000,3941312.000000,3941312.000000,0.000000
gc_stress,20600,40,127.001725,123.236000,17.003752,108.020000,200.792000,0.133886,0.000000,0.000000,0.000000,0.000000,0.000000,,85.525000,82.500000,13.705674,68.000000,151.000000,0.160253,1483234.000000,1483234.000000,0.000000,1483234.000000,1483234.000000,0.000000,8.000000,8.000000,0.000000,8.000000,8.000000,0.000000,24.150000,23.500000,7.617625,10.000000,41.000000,0.315430,4386347.000000,4386347.000000,0.000000,4386347.000000,4386347.000000,0.000000,9643051.000000,9643051.000000,0.000000,9643051.000000,9643051.000000,0.000000,5256704.000000,5256704.000000,0.000000,5256704.000000,5256704.000000,0.000000
gc_stress,25400,40,154.386250,150.323500,23.832079,112.956000,227.566000,0.154367,0.000000,0.000000,0.000000,0.000000,0.000000,,106.675000,103.000000,16.678541,82.000000,140.000000,0.156349,1828834.000000,1828834.000000,0.000000,1828834.000000,1828834.000000,0.000000,9.000000,9.000000,0.000000,9.000000,9.000000,0.000000,31.475000,31.500000,9.358905,13.000000,50.000000,0.297344,5261507.000000,5261507.000000,0.000000,5261507.000000,5261507.000000,0.000000,11889451.000000,11889451.000000,0.000000,11889451.000000,11889451.000000,0.000000,7010456.000000,7010456.000000,0.000000,7010456.000000,7010456.000000,0.000000
gc_stress,31200,40,169.175300,162.155500,30.856074,131.064000,278.429000,0.182391,0.000000,0.000000,0.000000,0.000000,0.000000,,126.925000,119.000000,26.776748,99.000000,226.000000,0.210965,2246434.000000,2246434.000000,0.000000,2246434.000000,2246434.000000,0.000000,10.000000,10.000000,0.000000,10.000000,10.000000,0.000000,36.875000,33.000000,17.440283,9.000000,114.000000,0.472957,7015571.000000,7015571.000000,0.000000,7015571.000000,7015571.000000,0.000000,14603851.000000,14603851.000000,0.000000,14603851.000000,14603851.000000,0.000000,9349208.000000,9349208.000000,0.000000,9349208.000000,9349208.000000,0.000000
gc_stress,38300,40,192.787650,185.548000,25.684172,166.884000,285.133000,0.133225,0.000000,0.000000,0.000000,0.000000,0.000000,,143.675000,137.500000,21.448074,122.000000,245.000000,0.149282,2757634.000000,2757634.000000,0.000000,2757634.000000,2757634.000000,0.000000,10.000000,10.000000,0.000000,10.000000,10.000000,0.000000,39.125000,39.000000,16.011514,16.000000,109.000000,0.409240,8577443.000000,8577443.000000,0.000000,8577443.000000,8577443.000000,0.000000,17926651.000000,17926651.000000,0.000000,17926651.000000,17926651.000000,0.000000,9349208.000000,9349208.000000,0.000000,9349208.000000,9349208.000000,0.000000
gc_stress,47000,40,257.950875,235.440500,56.718531,202.199000,443.869000,0.219881,0.000000,0.000000,0.000000,0.000000,0.000000,,199.100000,182.000000,45.385415,152.000000,346.000000,0.227953,3384034.000000,3384034.000000,0.000000,3384034.000000,3384034.000000,0.000000,11.000000,11.000000,0.000000,11.000000,11.000000,0.000000,61.825000,57.500000,20.226775,31.000000,130.000000,0.327162,9531227.000000,9531227.000000,0.000000,9531227.000000,9531227.000000,0.000000,21998251.000000,21998251.000000,0.000000,21998251.000000,21998251.000000,0.000000,12467024.000000,12467024.000000,0.000000,12467024.000000,12467024.000000,0.000000
gc_stress,57800,40,258.169425,255.609000,29.202344,215.783000,345.630000,0.113113,0.000000,0.000000,0.000000,0.000000,0.000000,,208.800000,202.500000,26.337260,166.000000,291.000000,0.126136,4161634.000000,4161634.000000,0.000000,4161634.000000,4161634.000000,0.000000,12.000000,12.000000,0.000000,12.000000,12.000000,0.000000,61.250000,63.000000,14.138056,36.000000,95.000000,0.230825,12471827.000000,12471827.000000,0.000000,12471827.000000,12471827.000000,0.000000,27052651.000000,27052651.000000,0.000000,27052651.000000,27052651.000000,0.000000,16624424.000000,16624424.000000,0.000000,16624424.000000,16624424.000000,0.000000
gc_stress,71000,40,286.116225,282.279500,32.570787,237.467000,440.765000,0.113838,0.000000,0.000000,0.000000,0.000000,0.000000,,231.325000,229.500000,21.813178,180.000000,287.000000,0.094297,5112034.000000,5112034.000000,0.000000,5112034.000000,5112034.000000,0.000000,12.000000,12.000000,0.000000,12.000000,12.000000,0.000000,59.950000,60.500000,15.298651,36.000000,102.000000,0.255190,16605827.000000,16605827.000000,0.000000,16605827.000000,16605827.000000,0.000000,33230251.000000,33230251.000000,0.000000,33230251.000000,33230251.000000,0.000000,16624424.000000,16624424.000000,0.000000,16624424.000000,16624424.000000,0.000000
gc_stress,87200,40,337.738725,332.513500,25.328183,297.690000,414.880000,0.074993,0.000000,0.000000,0.000000,0.000000,0.000000,,282.975000,276.500000,21.827397,251.000000,356.000000,0.077135,6278434.000000,6278434.000000,0.000000,6278434.000000,6278434.000000,0.000000,13.000000,13.000000,0.000000,13.000000,13.000000,0.000000,82.925000,84.000000,17.512468,43.000000,118.000000,0.211184,18644435.000000,18644435.000000,0.000000,18644435.000000,18644435.000000,0.000000,40811851.000000,40811851.000000,0.000000,40811851.000000,40811851.000000,0.000000,22167416.000000,22167416.000000,0.000000,22167416.000000,22167416.000000,0.000000
gc_stress,107000,40,389.703975,379.491000,27.465212,349.791000,486.222000,0.070477,0.000000,0.000000,0.000000,0.000000,0.000000,,332.800000,323.000000,24.862906,297.000000,431.000000,0.074708,7704034.000000,7704034.000000,0.000000,7704034.000000,7704034.000000,0.000000,14.000000,14.000000,0.000000,14.000000,14.000000,0.000000,104.625000,105.000000,17.225038,66.000000,140.000000,0.164636,22171907.000000,22171907.000000,0.000000,22171907.000000,22171907.000000,0.000000,50078251.000000,50078251.000000,0.000000,50078251.000000,50078251.000000,0.000000,29558072.000000,29558072.000000,0.000000,29558072.000000,29558072.000000,0.000000
gc_stress,132000,40,561.616125,560.845500,57.935010,456.331000,706.638000,0.103158,0.000000,0.000000,0.000000,0.000000,0.000000,,491.550000,489.000000,53.439614,405.000000,630.000000,0.108717,9504034.000000,9504034.000000,0.000000,9504034.000000,9504034.000000,0.000000,15.000000,15.000000,0.000000,15.000000,15.000000,0.000000,168.850000,165.000000,28.719287,118.000000,261.000000,0.170088,29562563.000000,29562563.000000,0.000000,29562563.000000,29562563.000000,0.000000,61778251.000000,61778251.000000,0.000000,61778251.000000,61778251.000000,0.000000,39412280.000000,39412280.000000,0.000000,39412280.000000,39412280.000000,0.000000
gc_stress,162000,40,705.717150,683.217500,104.353231,564.638000,1063.349000,0.147868,0.000000,0.000000,0.000000,0.000000,0.000000,,605.075000,591.500000,80.553339,482.000000,802.000000,0.133130,11664034.000000,11664034.000000,0.000000,11664034.000000,11664034.000000,0.000000,15.000000,15.000000,0.000000,15.000000,15.000000,0.000000,177.475000,174.000000,27.759025,132.000000,228.000000,0.156411,36405971.000000,36405971.000000,0.000000,36405971.000000,36405971.000000,0.000000,75818251.000000,75818251.000000,0.000000,75818251.000000,75818251.000000,0.000000,39412280.000000,39412280.000000,0.000000,39412280.000000,39412280.000000,0.000000
gc_stress,199000,40,750.854950,717.277000,134.988178,635.459000,1386.567000,0.179779,0.000000,0.000000,0.000000,0.000000,0.000000,,632.450000,617.000000,67.562298,546.000000,867.000000,0.106826,14328034.000000,14328034.000000,0.000000,14328034.000000,14328034.000000,0.000000,16.000000,16.000000,0.000000,16.000000,16.000000,0.000000,196.725000,190.500000,29.211859,155.000000,289.000000,0.148491,40583027.000000,40583027.000000,0.000000,40583027.000000,40583027.000000,0.000000,93134251.000000,93134251.000000,0.000000,93134251.000000,93134251.000000,0.000000,52551224.000000,52551224.000000,0.000000,52551224.000000,52551224.000000,0.000000
gc_stress,244000,40,838.826350,825.704000,38.868217,788.832000,947.151000,0.046336,0.000000,0.000000,0.000000,0.000000,0.000000,,736.775000,732.000000,30.508080,681.000000,837.000000,0.041408,17568034.000000,17568034.000000,0.000000,17568034.000000,17568034.000000,0.000000,17.000000,17.000000,0.000000,17.000000,17.000000,0.000000,248.450000,245.500000,25.200682,202.000000,324.000000,0.101432,52555715.000000,52555715.000000,0.000000,52555715.000000,52555715.000000,0.000000,114194251.000000,114194251.000000,0.000000,114194251.000000,114194251.000000,0.000000,70069712.000000,70069712.000000,0.000000,70069712.000000,70069712.000000,0.000000
gc_stress,300000,40,1047.772125,1014.508500,78.294650,971.046000,1251.645000,0.074725,0.000000,0.000000,0.000000,0.000000,0.000000,,937.550000,912.500000,61.757155,874.000000,1126.000000,0.065871,21600034.000000,21600034.000000,0.000000,21600034.000000,21600034.000000,0.000000,18.000000,18.000000,0.000000,18.000000,18.000000,0.000000,335.200000,326.000000,40.733782,271.000000,428.000000,0.121521,70074515.000000,70074515.000000,0.000000,70074515.000000,70074515.000000,0.000000,140402251.000000,140402251.000000,0.000000,140402251.000000,140402251.000000,0.000000,93427904.000000,93427904.000000,0.000000,93427904.000000,93427904.000000,0.000000
globals,14000,40,51.692850,50.419000,14.298262,34.851000,123.790000,0.276600,0.000000,0.000000,0.000000,0.000000,0.000000,,13.450000,13.000000,3.381321,4.000000,20.000000,0.251399,490021.000000,490021.000000,0.000000,490021.000000,490021.000000,0.000000,0.000000,0.000000,0.000000,0.000000,0.000000,,0.000000,0.000000,0.000000,0.000000,0.000000,,2104.000000,2104.000000,0.000000,2104.000000,2104.000000,0.000000,2232.000000,2232.000000,0.000000,2232.000000,2232.000000,0.000000,256.000000,256.000000,0.000000,256.000000,256.000000,0.000000
globals,17200,40,51.324375,51.167500,7.260148,40.453000,73.613000,0.141456,0.000000,0.000000,0.000000,0.000000,0.000000,,15.250000,16.000000,3.739944,2.000000,21.000000,0.245242,602021.000000,602021.000000,0.000000,602021.000000,602021.000000,0.000000,0.000000,0.000000,0.000000,0.000000,0.000000,,0.000000,0.000000,0.000000,0.000000,0.000000,,2104.000000,2104.000000,0.000000,2104.000000,2104.000000,0.000000,2232.000000,2232.000000,0.000000,2232.000000,2232.000000,0.000000,256.000000,256.000000,0.000000,256.000000,256.000000,0.000000
globals,21100,40,54.020050,52.634500,9.411636,38.841000,81.542000,0.174225,0.000000,0.000000,0.000000,0.000000,0.000000,,18.575000,17.500000,4.744160,10.000000,38.000000,0.255406,738521.000000,738521.000000,0.000000,738521.000000,738521.000000,0.000000,0.000000,0.000000,0.000000,0.000000,0.000000,,0.000000,0.000000,0.000000,0.000000,0.000000,,2104.000000,2104.000000,0.000000,2104.000000,2104.000000,0.000000,2232.000000,2232.000000,0.000000,2232.000000,2232.000000,0.000000,256.000000,256.000000,0.000000,256.000000,256.000000,0.000000
globals,26000,40,57.433250,58.108000,7.694058,42.191000,78.137000,0.133965,0.000000,0.000000,0.000000,0.000000,0.000000,,24.175000,24.000000,4.390476,15.000000,34.000000,0.181612,910021.000000,910021.000000,0.000000,910021.000000,910021.000000,0.000000,0.000000,0.000000,0.000000,0.000000,0.000000,,0.000000,0.000000,0.000000,0.000000,0.000000,,2104.000000,2104.000000,0.000000,2104.000000,2104.000000,0.000000,2232.000000,2232.000000,0.000000,2232.000000,2232.000000,0.000000,256.000000,256.000000,0.000000,256.000000,256.000000,0.000000
globals,31900,40,69.056175,68.329500,9.337105,51.112000,89.441000,0.135210,0.000000,0.000000,0.000000,0.000000,0.000000,,32.100000,32.000000,5.217328,20.000000,44.000000,0.162534,1116521.000000,1116521.000000,0.000000,1116521.000000,1116521.000000,0.000000,0.000000,0.000000,0.000000,0.000000,0.000000,,0.000000,0.000000,0.000000,0.000000,0.000000,,2104.000000,2104.000000,0.000000,2104.000000,2104.000000,0.000000,2232.000000,2232.000000,0.000000,2232.000000,2232.000000,0.000000,256.000000,256.000000,0.000000,256.000000,256.000000,0.000000
globals,39200,40,75.109200,72.156500,10.443785,56.110000,106.167000,0.139048,0.000000,0.000000,0.000000,0.000000,0.000000,,41.075000,40.000000,5.464982,31.000000,52.000000,0.133049,1372021.000000,1372021.000000,0.000000,1372021.000000,1372021.000000,0.000000,0.000000,0.000000,0.000000,0.000000,0.000000,,0.000000,0.000000,0.000000,0.000000,0.000000,,2104.000000,2104.000000,0.000000,2104.000000,2104.000000,0.000000,2232.000000,2232.000000,0.000000,2232.000000,2232.000000,0.000000,256.000000,256.000000,0.000000,256.000000,256.000000,0.000000
globals,48200,40,93.687300,90.039500,23.855162,68.211000,202.594000,0.254625,0.000000,0.000000,0.000000,0.000000,0.000000,,52.450000,50.500000,8.944129,39.000000,72.000000,0.170527,1687021.000000,1687021.000000,0.000000,1687021.000000,1687021.000000,0.000000,0.000000,0.000000,0.000000,0.000000,0.000000,,0.000000,0.000000,0.000000,0.000000,0.000000,,2104.000000,2104.000000,0.000000,2104.000000,2104.000000,0.000000,2232.000000,2232.000000,0.000000,2232.000000,2232.000000,0.000000,256.000000,256.000000,0.000000,256.000000,256.000000,0.000000
globals,59200,40,101.258400,96.012500,20.420915,71.035000,177.477000,0.201671,0.000000,0.000000,0.000000,0.000000,0.000000,,62.325000,61.000000,13.035233,40.000000,98.000000,0.209149,2072021.000000,2072021.000000,0.000000,2072021.000000,2072021.000000,0.000000,0.000000,0.000000,0.000000,0.000000,0.000000,,0.000000,0.000000,0.000000,0.000000,0.000000,,2104.000000,2104.000000,0.000000,2104.000000,2104.000000,0.000000,2232.000000,2232.000000,0.000000,2232.000000,2232.000000,0.000000,256.000000,256.000000,0.000000,256.000000,256.000000,0.000000
globals,72700,40,108.646975,107.280000,10.038355,90.296000,143.928000,0.092394,0.000000,0.000000,0.000000,0.000000,0.000000,,73.500000,72.500000,6.401122,60.000000,86.000000,0.087090,2544521.000000,2544521.000000,0.000000,2544521.000000,2544521.000000,0.000000,0.000000,0.000000,0.000000,0.000000,0.000000,,0.000000,0.000000,0.000000,0.000000,0.000000,,2104.000000,2104.000000,0.000000,2104.000000,2104.000000,0.000000,2232.000000,2232.000000,0.000000,2232.000000,2232.000000,0.000000,256.000000,256.000000,0.000000,256.000000,256.000000,0.000000
globals,89300,40,127.905200,124.468000,16.336122,108.869000,182.670000,0.127721,0.000000,0.000000,0.000000,0.000000,0.000000,,91.200000,89.000000,14.747794,75.000000,159.000000,0.161708,3125521.000000,3125521.000000,0.000000,3125521.000000,3125521.000000,0.000000,0.000000,0.000000,0.000000,0.000000,0.000000,,0.000000,0.000000,0.000000,0.000000,0.000000,,2104.000000,2104.000000,0.000000,2104.000000,2104.000000,0.000000,2232.000000,2232.000000,0.000000,2232.000000,2232.000000,0.000000,256.000000,256.000000,0.000000,256.000000,256.000000,0.000000
globals,110000,40,206.482475,197.180000,43.260158,155.004000,348.636000,0.209510,0.000000,0.000000,0.000000,0.000000,0.000000,,155.950000,159.500000,22.547898,103.000000,229.000000,0.144584,3850021.000000,3850021.000000,0.000000,3850021.000000,3850021.000000,0.000000,0.000000,0.000000,0.000000,0.000000,0.000000,,0.000000,0.000000,0.000000,0.000000,0.000000,,2104.000000,2104.000000,0.000000,2104.000000,2104.000000,0.000000,2232.000000,2232.000000,0.000000,2232.000000,2232.000000,0.000000,256.000000,256.000000,0.000000,256.000000,256.000000,0.000000
globals,135000,40,173.861500,158.423000,118.365899,93.704000,862.517000,0.680806,0.000000,0.000000,0.000000,0.000000,0.000000,,118.700000,120.500000,37.944088,63.000000,206.000000,0.319664,4725021.000000,4725021.000000,0.000000,4725021.000000,4725021.000000,0.000000,0.000000,0.000000,0.000000,0.000000,0.000000,,0.000000,0.000000,0.000000,0.000000,0.000000,,2104.000000,2104.000000,0.000000,2104.000000,2104.000000,0.000000,2232.000000,2232.000000,0.000000,2232.000000,2232.000000,0.000000,256.000000,256.000000,0.000000,256.000000,256.000000,0.000000
globals,166000,40,185.639075,174.229500,43.738987,121.041000,320.125000,0.235613,0.000000,0.000000,0.000000,0.000000,0.000000,,145.725000,131.500000,35.056721,104.000000,235.000000,0.240568,5810021.000000,5810021.000000,0.000000,5810021.000000,5810021.000000,0.000000,0.000000,0.000000,0.000000,0.000000,0.000000,,0.000000,0.000000,0.000000,0.000000,0.000000,,2104.000000,2104.000000,0.000000,2104.000000,2104.000000,0.000000,2232.000000,2232.000000,0.000000,2232.000000,2232.000000,0.000000,256.000000,256.000000,0.000000,256.000000,256.000000,0.000000
globals,204000,40,241.233250,230.291000,51.572069,157.490000,401.881000,0.213785,0.000000,0.000000,0.000000,0.000000,0.000000,,201.025000,196.000000,44.536063,133.000000,313.000000,0.221545,7140021.000000,7140021.000000,0.000000,7140021.000000,7140021.000000,0.000000,0.000000,0.000000,0.000000,0.000000,0.000000,,0.000000,0.000000,0.000000,0.000000,0.000000,,2104.000000,2104.000000,0.000000,2104.000000,2104.000000,0.000000,2232.000000,2232.000000,0.000000,2232.000000,2232.000000,0.000000,256.000000,256.000000,0.000000,256.000000,256.000000,0.000000
globals,250000,40,334.354100,317.055500,106.329044,243.532000,910.879000,0.318013,0.000000,0.000000,0.000000,0.000000,0.000000,,276.000000,268.500000,44.380638,203.000000,445.000000,0.160799,8750021.000000,8750021.000000,0.000000,8750021.000000,8750021.000000,0.000000,0.000000,0.000000,0.000000,0.000000,0.000000,,0.000000,0.000000,0.000000,0.000000,0.000000,,2104.000000,2104.000000,0.000000,2104.000000,2104.000000,0.000000,2232.000000,2232.000000,0.000000,2232.000000,2232.000000,0.000000,256.000000,256.000000,0.000000,256.000000,256.000000,0.000000
globals,307000,40,318.806600,314.286000,44.732847,247.861000,459.600000,0.140313,0.000000,0.000000,0.000000,0.000000,0.000000,,280.425000,274.500000,40.599285,223.000000,425.000000,0.144778,10745021.000000,10745021.000000,0.000000,10745021.000000,10745021.000000,0.000000,0.000000,0.000000,0.000000,0.000000,0.000000,,0.000000,0.000000,0.000000,0.000000,0.000000,,2104.000000,2104.000000,0.000000,2104.000000,2104.000000,0.000000,2232.000000,2232.000000,0.000000,2232.000000,2232.000000,0.000000,256.000000,256.000000,0.000000,256.000000,256.000000,0.000000
globals,377000,40,332.236525,321.231000,47.190893,243.378000,412.422000,0.142040,0.000000,0.000000,0.000000,0.000000,0.000000,,300.825000,286.500000,44.995662,213.000000,384.000000,0.149574,13195021.000000,13195021.000000,0.000000,13195021.000000,13195021.000000,0.000000,0.000000,0.000000,0.000000,0.000000,0.000000,,0.000000,0.000000,0.000000,0.000000,0.000000,,2104.000000,2104.000000,0.000000,2104.000000,2104.000000,0.000000,2232.000000,2232.000000,0.000000,2232.000000,2232.000000,0.000000,256.000000,256.000000,0.000000,256.000000,256.000000,0.000000
globals,464000,40,371.395700,360.476500,37.342035,324.125000,493.611000,0.100545,0.000000,0.000000,0.000000,0.000000,0.000000,,340.275000,334.000000,31.735273,296.000000,440.000000,0.093264,16240021.000000,16240021.000000,0.000000,16240021.000000,16240021.000000,0.000000,0.000000,0.000000,0.000000,0.000000,0.000000,,0.000000,0.000000,0.000000,0.000000,0.000000,,2104.000000,2104.000000,0.000000,2104.000000,2104.000000,0.000000,2232.000000,2232.000000,0.000000,2232.000000,2232.000000,0.000000,256.000000,256.000000,0.000000,256.000000,256.000000,0.000000
globals,570000,40,430.639750,421.184500,34.821858,383.692000,551.767000,0.080861,0.000000,0.000000,0.000000,0.000000,0.000000,,403.425000,394.500000,33.942551,365.000000,520.000000,0.084136,19950021.000000,19950021.000000,0.000000,19950021.000000,19950021.000000,0.000000,0.000000,0.000000,0.000000,0.000000,0.000000,,0.000000,0.000000,0.000000,0.000000,0.000000,,2104.000000,2104.000000,0.000000,2104.000000,2104.000000,0.000000,2232.000000,2232.000000,0.000000,2232.000000,2232.000000,0.000000,256.000000,256.000000,0.000000,256.000000,256.000000,0.000000
globals,700000,40,555.469100,506.940500,107.214985,418.400000,998.350000,0.193017,0.000000,0.000000,0.000000,0.000000,0.000000,,520.075000,473.500000,103.564519,385.000000,932.000000,0.199134,24500021.000000,24500021.000000,0.000000,24500021.000000,24500021.000000,0.000000,0.000000,0.000000,0.000000,0.000000,0.000000,,0.000000,0.000000,0.000000,0.000000,0.000000,,2104.000000,2104.000000,0.000000,2104.000000,2104.000000,0.000000,2232.000000,2232.000000,0.000000,2232.000000,2232.000000,0.000000,256.000000,256.000000,0.000000,256.000000,256.000000,0.000000
integrated,8000,40,78.361675,78.313500,12.232059,54.879000,122.465000,0.156097,0.000000,0.000000,0.000000,0.000000,0.000000,,43.375000,44.000000,6.487414,31.000000,60.000000,0.149566,888195.000000,888195.000000,0.000000,888195.000000,888195.000000,0.000000,246.000000,246.000000,0.000000,246.000000,246.000000,0.000000,5.950000,5.000000,5.158762,0.000000,20.000000,0.867019,1048692.000000,1048692.000000,0.000000,1048692.000000,1048692.000000,0.000000,2502685.000000,2502685.000000,0.000000,2502685.000000,2502685.000000,0.000000,2494815.000000,2494815.000000,0.000000,2494815.000000,2494815.000000,0.000000
integrated,9830,40,90.231800,87.996000,7.193705,78.826000,104.495000,0.079725,0.000000,0.000000,0.000000,0.000000,0.000000,,55.000000,55.000000,6.543738,43.000000,70.000000,0.118977,1091351.000000,1091351.000000,0.000000,1091351.000000,1091351.000000,0.000000,342.000000,342.000000,0.000000,342.000000,342.000000,0.000000,5.975000,5.000000,5.066165,0.000000,22.000000,0.847894,1048692.000000,1048692.000000,0.000000,1048692.000000,1048692.000000,0.000000,3073835.000000,3073835.000000,0.000000,3073835.000000,3073835.000000,0.000000,3063500.000000,3063500.000000,0.000000,3063500.000000,3063500.000000,0.000000
integrated,12100,40,104.325225,101.620000,11.843331,87.183000,151.332000,0.113523,0.000000,0.000000,0.000000,0.000000,0.000000,,66.750000,66.000000,9.355514,53.000000,99.000000,0.140158,1343382.000000,1343382.000000,0.000000,1343382.000000,1343382.000000,0.000000,462.000000,462.000000,0.000000,462.000000,462.000000,0.000000,7.725000,7.000000,5.144016,0.000000,22.000000,0.665892,1048692.000000,1048692.000000,0.000000,1048692.000000,1048692.000000,0.000000,3782495.000000,3782495.000000,0.000000,3782495.000000,3782495.000000,0.000000,3774341.000000,3774341.000000,0.000000,3774341.000000,3774341.000000,0.000000
integrated,14800,40,119.462175,114.333500,19.189226,99.734000,210.875000,0.160630,0.000000,0.000000,0.000000,0.000000,0.000000,,81.950000,78.000000,16.478346,65.000000,169.000000,0.201078,1643117.000000,1643117.000000,0.000000,1643117.000000,1643117.000000,0.000000,604.000000,604.000000,0.000000,604.000000,604.000000,0.000000,8.475000,7.000000,6.080602,0.000000,28.000000,0.717475,1048692.000000,1048692.000000,0.000000,1048692.000000,1048692.000000,0.000000,4625128.000000,4625128.000000,0.000000,4625128.000000,4625128.000000,0.000000,4615724.000000,4615724.000000,0.000000,4615724.000000,4615724.000000,0.000000
integrated,18200,40,127.930875,126.845000,13.304360,105.172000,180.386000,0.103996,0.000000,0.000000,0.000000,0.000000,0.000000,,90.800000,88.500000,13.201010,70.000000,135.000000,0.145386,2020587.000000,2020587.000000,0.000000,2020587.000000,2020587.000000,0.000000,783.000000,783.000000,0.000000,783.000000,783.000000,0.000000,7.175000,6.000000,5.999519,0.000000,28.000000,0.836170,1048692.000000,1048692.000000,0.000000,1048692.000000,1048692.000000,0.000000,5686406.000000,5686406.000000,0.000000,5686406.000000,5686406.000000,0.000000,5676062.000000,5676062.000000,0.000000,5676062.000000,5676062.000000,0.000000
integrated,22400,40,145.378375,140.846000,17.915026,117.290000,211.375000,0.123230,0.000000,0.000000,0.000000,0.000000,0.000000,,110.650000,107.000000,14.729266,92.000000,167.000000,0.133116,2486857.000000,2486857.000000,0.000000,2486857.000000,2486857.000000,0.000000,1005.000000,1005.000000,0.000000,1005.000000,1005.000000,0.000000,10.750000,9.000000,6.624546,0.000000,30.000000,0.616237,1048692.000000,1048692.000000,0.000000,1048692.000000,1048692.000000,0.000000,6997300.000000,6997300.000000,0.000000,6997300.000000,6997300.000000,0.000000,6991320.000000,6991320.000000,0.000000,6991320.000000,6991320.000000,0.000000
integrated,27500,40,158.664700,155.682000,16.233461,138.095000,225.546000,0.102313,0.000000,0.000000,0.000000,0.000000,0.000000,,128.475000,125.500000,16.405108,101.000000,185.000000,0.127691,3053036.000000,3053036.000000,0.000000,3053036.000000,3053036.000000,0.000000,1273.000000,1273.000000,0.000000,1273.000000,1273.000000,0.000000,12.825000,12.500000,6.721140,1.000000,30.000000,0.524065,1048692.000000,1048692.000000,0.000000,1048692.000000,1048692.000000,0.000000,8589062.000000,8589062.000000,0.000000,8589062.000000,8589062.000000,0.000000,8579021.000000,8579021.000000,0.000000,8579021.000000,8579021.000000,0.000000
integrated,33800,40,183.265150,178.034500,21.279673,150.958000,232.211000,0.116114,0.000000,0.000000,0.000000,0.000000,0.000000,,151.675000,148.000000,18.204518,125.000000,198.000000,0.120023,3752441.000000,3752441.000000,0.000000,3752441.000000,3752441.000000,0.000000,1605.000000,1605.000000,0.000000,1605.000000,1605.000000,0.000000,14.625000,12.000000,9.593501,2.000000,41.000000,0.655966,1048692.000000,1048692.000000,0.000000,1048692.000000,1048692.000000,0.000000,10555463.000000,10555463.000000,0.000000,10555463.000000,10555463.000000,0.000000,10546040.000000,10546040.000000,0.000000,10546040.000000,10546040.000000,0.000000
integrated,41500,40,217.468950,217.771000,21.473583,179.885000,275.652000,0.098743,0.000000,0.000000,0.000000,0.000000,0.000000,,185.725000,181.000000,23.234576,148.000000,255.000000,0.125102,4607281.000000,4607281.000000,0.000000,4607281.000000,4607281.000000,0.000000,2011.000000,2011.000000,0.000000,2011.000000,2011.000000,0.000000,18.925000,17.500000,9.632710,1.000000,45.000000,0.508994,1048692.000000,1048692.000000,0.000000,1048692.000000,1048692.000000,0.000000,12958987.000000,12958987.000000,0.000000,12958987.000000,12958987.000000,0.000000,12951428.000000,12951428.000000,0.000000,12951428.000000,12951428.000000,0.000000
integrated,51000,40,255.635075,250.851000,32.500005,201.045000,339.708000,0.127134,0.000000,0.000000,0.000000,0.000000,0.000000,,220.050000,217.500000,27.381399,171.000000,291.000000,0.124433,5661956.000000,5661956.000000,0.000000,5661956.000000,5661956.000000,0.000000,2511.000000,2511.000000,0.000000,2511.000000,2511.000000,0.000000,21.050000,20.500000,11.942061,2.000000,42.000000,0.567319,1048692.000000,1048692.000000,0.000000,1048692.000000,1048692.000000,0.000000,15924482.000000,15924482.000000,0.000000,15924482.000000,15924482.000000,0.000000,15914030.000000,15914030.000000,0.000000,15914030.000000,15914030.000000,0.000000
integrated,62700,40,298.285825,296.280000,34.695240,230.719000,370.025000,0.116315,0.000000,0.000000,0.000000,0.000000,0.000000,,263.500000,261.000000,31.111874,204.000000,336.000000,0.118072,6960857.000000,6960857.000000,0.000000,6960857.000000,6960857.000000,0.000000,3128.000000,3128.000000,0.000000,3128.000000,3128.000000,0.000000,23.450000,21.000000,12.241062,5.000000,51.000000,0.522007,1048692.000000,1048692.000000,0.000000,1048692.000000,1048692.000000,0.000000,19576720.000000,19576720.000000,0.000000,19576720.000000,19576720.000000,0.000000,19569764.000000,19569764.000000,0.000000,19569764.000000,19569764.000000,0.000000
integrated,77000,40,334.564475,330.930000,25.649654,296.800000,417.387000,0.076666,0.000000,0.000000,0.000000,0.000000,0.000000,,303.400000,301.000000,26.064811,255.000000,393.000000,0.085909,8548411.000000,8548411.000000,0.000000,8548411.000000,8548411.000000,0.000000,3881.000000,3881.000000,0.000000,3881.000000,3881.000000,0.000000,28.650000,29.500000,11.155199,9.000000,51.000000,0.389361,1048692.000000,1048692.000000,0.000000,1048692.000000,1048692.000000,0.000000,24040837.000000,24040837.000000,0.000000,24040837.000000,24040837.000000,0.000000,24031269.000000,24031269.000000,0.000000,24031269.000000,24031269.000000,0.000000
integrated,94700,40,400.397925,384.882000,50.259335,347.435000,559.981000,0.125523,0.000000,0.000000,0.000000,0.000000,0.000000,,369.625000,355.000000,47.341470,321.000000,525.000000,0.128080,10513417.000000,10513417.000000,0.000000,10513417.000000,10513417.000000,0.000000,4814.000000,4814.000000,0.000000,4814.000000,4814.000000,0.000000,36.750000,34.000000,17.885318,9.000000,83.000000,0.486675,1048692.000000,1048692.000000,0.000000,1048692.000000,1048692.000000,0.000000,29566528.000000,29566528.000000,0.000000,29566528.000000,29566528.000000,0.000000,29559852.000000,29559852.000000,0.000000,29559852.000000,29559852.000000,0.000000
integrated,116000,40,461.231050,448.234000,38.456272,420.559000,585.486000,0.083377,0.000000,0.000000,0.000000,0.000000,0.000000,,426.250000,416.500000,33.512914,385.000000,544.000000,0.078623,12878085.000000,12878085.000000,0.000000,12878085.000000,12878085.000000,0.000000,5935.000000,5935.000000,0.000000,5935.000000,5935.000000,0.000000,45.200000,46.500000,20.837835,2.000000,78.000000,0.461014,1048692.000000,1048692.000000,0.000000,1048692.000000,1048692.000000,0.000000,36216559.000000,36216559.000000,0.000000,36216559.000000,36216559.000000,0.000000,36208785.000000,36208785.000000,0.000000,36208785.000000,36208785.000000,0.000000
integrated,143000,40,612.941825,630.275500,73.996100,450.960000,819.240000,0.120723,0.000000,0.000000,0.000000,0.000000,0.000000,,575.225000,595.500000,73.546597,409.000000,782.000000,0.127857,15875566.000000,15875566.000000,0.000000,15875566.000000,15875566.000000,0.000000,7334.000000,7334.000000,0.000000,7334.000000,7334.000000,0.000000,58.600000,57.000000,23.427794,22.000000,113.000000,0.399792,1048692.000000,1048692.000000,0.000000,1048692.000000,1048692.000000,0.000000,44646928.000000,44646928.000000,0.000000,44646928.000000,44646928.000000,0.000000,44636292.000000,44636292.000000,0.000000,44636292.000000,44636292.000000,0.000000
integrated,176000,40,786.595250,786.393500,85.119400,632.785000,1016.292000,0.108212,0.000000,0.000000,0.000000,0.000000,0.000000,,738.675000,747.500000,81.069261,531.000000,889.000000,0.109750,19539135.000000,19539135.000000,0.000000,19539135.000000,19539135.000000,0.000000,9002.000000,9002.000000,0.000000,9002.000000,9002.000000,0.000000,80.275000,82.000000,26.949133,31.000000,149.000000,0.335710,1048692.000000,1048692.000000,0.000000,1048692.000000,1048692.000000,0.000000,54951529.000000,54951529.000000,0.000000,54951529.000000,54951529.000000,0.000000,54942699.000000,54942699.000000,0.000000,54942699.000000,54942699.000000,0.000000
integrated,216000,40,924.479725,896.341500,92.628457,729.526000,1203.498000,0.100195,0.000000,0.000000,0.000000,0.000000,0.000000,,892.300000,866.500000,90.946927,712.000000,1172.000000,0.101924,23979835.000000,23979835.000000,0.000000,23979835.000000,23979835.000000,0.000000,11007.000000,11007.000000,0.000000,11007.000000,11007.000000,0.000000,85.875000,80.500000,26.093704,38.000000,146.000000,0.303857,1048692.000000,1048692.000000,0.000000,1048692.000000,1048692.000000,0.000000,67443509.000000,67443509.000000,0.000000,67443509.000000,67443509.000000,0.000000,67434599.000000,67434599.000000,0.000000,67434599.000000,67434599.000000,0.000000
integrated,265000,40,1042.729300,1038.700000,103.799372,873.340000,1269.373000,0.099546,0.000000,0.000000,0.000000,0.000000,0.000000,,1010.475000,1011.500000,103.298419,835.000000,1239.000000,0.102228,29419701.000000,29419701.000000,0.000000,29419701.000000,29419701.000000,0.000000,13501.000000,13501.000000,0.000000,13501.000000,13501.000000,0.000000,97.450000,100.000000,37.277167,27.000000,167.000000,0.382526,1048692.000000,1048692.000000,0.000000,1048692.000000,1048692.000000,0.000000,82748443.000000,82748443.000000,0.000000,82748443.000000,82748443.000000,0.000000,82740683.000000,82740683.000000,0.000000,82740683.000000,82740683.000000,0.000000
integrated,326000,40,1387.498425,1300.674000,288.727439,1047.879000,2216.387000,0.208092,0.000000,0.000000,0.000000,0.000000,0.000000,,1351.350000,1264.000000,278.653222,1029.000000,2122.000000,0.206204,36191760.000000,36191760.000000,0.000000,36191760.000000,36191760.000000,0.000000,16592.000000,16592.000000,0.000000,16592.000000,16592.000000,0.000000,125.300000,112.000000,42.731241,48.000000,261.000000,0.341031,1048692.000000,1048692.000000,0.000000,1048692.000000,1048692.000000,0.000000,101804704.000000,101804704.000000,0.000000,101804704.000000,101804704.000000,0.000000,101797446.000000,101797446.000000,0.000000,101797446.000000,101797446.000000,0.000000
integrated,400000,40,1746.073825,1678.764500,326.169324,1258.472000,2513.579000,0.186802,0.000000,0.000000,0.000000,0.000000,0.000000,,1689.900000,1629.500000,330.628446,1153.000000,2461.000000,0.195650,44407055.000000,44407055.000000,0.000000,44407055.000000,44407055.000000,0.000000,20299.000000,20299.000000,0.000000,20299.000000,20299.000000,0.000000,164.225000,157.500000,46.555997,75.000000,280.000000,0.283489,1048692.000000,1048692.000000,0.000000,1048692.000000,1048692.000000,0.000000,124927225.000000,124927225.000000,0.000000,124927225.000000,124927225.000000,0.000000,124917323.000000,124917323.000000,0.000000,124917323.000000,124917323.000000,0.000000
locals,28000,40,63.067825,61.957000,11.636947,42.473000,91.067000,0.184515,0.000000,0.000000,0.000000,0.000000,0.000000,,19.900000,20.000000,3.160656,12.000000,29.000000,0.158827,1036023.000000,1036023.000000,0.000000,1036023.000000,1036023.000000,0.000000,0.000000,0.000000,0.000000,0.000000,0.000000,,0.000000,0.000000,0.000000,0.000000,0.000000,,1465.000000,1465.000000,0.000000,1465.000000,1465.000000,0.000000,1465.000000,1465.000000,0.000000,1465.000000,1465.000000,0.000000,0.000000,0.000000,0.000000,0.000000,0.000000,
locals,34400,40,65.288675,61.869500,24.362468,45.529000,194.326000,0.373150,0.000000,0.000000,0.000000,0.000000,0.000000,,22.525000,22.000000,2.908762,18.000000,30.000000,0.129135,1272823.000000,1272823.000000,0.000000,1272823.000000,1272823.000000,0.000000,0.000000,0.000000,0.000000,0.000000,0.000000,,0.000000,0.000000,0.000000,0.000000,0.000000,,1465.000000,1465.000000,0.000000,1465.000000,1465.000000,0.000000,1465.000000,1465.000000,0.000000,1465.000000,1465.000000,0.000000,0.000000,0.000000,0.000000,0.000000,0.000000,
locals,42300,40,65.108125,65.327000,11.332445,47.161000,92.928000,0.174056,0.000000,0.000000,0.000000,0.000000,0.000000,,27.025000,27.000000,5.136533,14.000000,38.000000,0.190066,1565123.000000,1565123.000000,0.000000,1565123.000000,1565123.000000,0.000000,0.000000,0.000000,0.000000,0.000000,0.000000,,0.000000,0.000000,0.000000,0.000000,0.000000,,1465.000000,1465.000000,0.000000,1465.000000,1465.000000,0.000000,1465.000000,1465.000000,0.000000,1465.000000,1465.000000,0.000000,0.000000,0.000000,0.000000,0.000000,0.000000,
locals,51900,40,72.980700,70.250500,10.271643,55.383000,99.332000,0.140745,0.000000,0.000000,0.000000,0.000000,0.000000,,36.500000,36.000000,5.252594,25.000000,51.000000,0.143907,1920323.000000,1920323.000000,0.000000,1920323.000000,1920323.000000,0.000000,0.000000,0.000000,0.000000,0.000000,0.000000,,0.000000,0.000000,0.000000,0.000000,0.000000,,1465.000000,1465.000000,0.000000,1465.000000,1465.000000,0.000000,1465.000000,1465.000000,0.000000,1465.000000,1465.000000,0.000000,0.000000,0.000000,0.000000,0.000000,0.000000,
locals,63800,40,74.805925,74.117500,7.786136,60.591000,92.519000,0.104084,0.000000,0.000000,0.000000,0.000000,0.000000,,42.375000,43.000000,4.192102,34.000000,55.000000,0.098929,2360623.000000,2360623.000000,0.000000,2360623.000000,2360623.000000,0.000000,0.000000,0.000000,0.000000,0.000000,0.000000,,0.000000,0.000000,0.000000,0.000000,0.000000,,1465.000000,1465.000000,0.000000,1465.000000,1465.000000,0.000000,1465.000000,1465.000000,0.000000,1465.000000,1465.000000,0.000000,0.000000,0.000000,0.000000,0.000000,0.000000,
locals,78400,40,85.970075,83.096000,7.594014,74.631000,107.760000,0.088333,0.000000,0.000000,0.000000,0.000000,0.000000,,54.150000,54.000000,6.415326,42.000000,77.000000,0.118473,2900823.000000,2900823.000000,0.000000,2900823.000000,2900823.000000,0.000000,0.000000,0.000000,0.000000,0.000000,0.000000,,0.000000,0.000000,0.000000,0.000000,0.000000,,1465.000000,1465.000000,0.000000,1465.000000,1465.000000,0.000000,1465.000000,1465.000000,0.000000,1465.000000,1465.000000,0.000000,0.000000,0.000000,0.000000,0.000000,0.000000,
locals,96300,40,97.298600,96.179500,9.583520,83.756000,140.703000,0.098496,0.000000,0.000000,0.000000,0.000000,0.000000,,65.775000,65.000000,8.272560,54.000000,105.000000,0.125771,3563123.000000,3563123.000000,0.000000,3563123.000000,3563123.000000,0.000000,0.000000,0.000000,0.000000,0.000000,0.000000,,0.000000,0.000000,0.000000,0.000000,0.000000,,1465.000000,1465.000000,0.000000,1465.000000,1465.000000,0.000000,1465.000000,1465.000000,0.000000,1465.000000,1465.000000,0.000000,0.000000,0.000000,0.000000,0.000000,0.000000,
locals,118000,40,116.915125,113.211000,21.743395,98.343000,239.527000,0.185976,0.000000,0.000000,0.000000,0.000000,0.000000,,77.100000,75.000000,8.535897,63.000000,109.000000,0.110712,4366023.000000,4366023.000000,0.000000,4366023.000000,4366023.000000,0.000000,0.000000,0.000000,0.000000,0.000000,0.000000,,0.000000,0.000000,0.000000,0.000000,0.000000,,1465.000000,1465.000000,0.000000,1465.000000,1465.000000,0.000000,1465.000000,1465.000000,0.000000,1465.000000,1465.000000,0.000000,0.000000,0.000000,0.000000,0.000000,0.000000,
locals,145000,40,129.075525,125.104500,14.408211,106.156000,165.894000,0.111626,0.000000,0.000000,0.000000,0.000000,0.000000,,91.875000,89.000000,10.385363,75.000000,120.000000,0.113038,5365023.000000,5365023.000000,0.000000,5365023.000000,5365023.000000,0.000000,0.000000,0.000000,0.000000,0.000000,0.000000,,0.000000,0.000000,0.000000,0.000000,0.000000,,1465.000000,1465.000000,0.000000,1465.000000,1465.000000,0.000000,1465.000000,1465.000000,0.000000,1465.000000,1465.000000,0.000000,0.000000,0.000000,0.000000,0.000000,0.000000,
locals,179000,40,142.372700,141.007500,9.091754,126.869000,166.714000,0.063859,0.000000,0.000000,0.000000,0.000000,0.000000,,106.350000,106.500000,9.051278,83.000000,126.000000,0.085108,6623023.000000,6623023.000000,0.000000,6623023.000000,6623023.000000,0.000000,0.000000,0.000000,0.000000,0.000000,0.000000,,0.000000,0.000000,0.000000,0.000000,0.000000,,1465.000000,1465.000000,0.000000,1465.000000,1465.000000,0.000000,1465.000000,1465.000000,0.000000,1465.000000,1465.000000,0.000000,0.000000,0.000000,0.000000,0.000000,0.000000,
locals,219000,40,159.676150,154.836500,19.803737,134.457000,234.298000,0.124024,0.000000,0.000000,0.000000,0.000000,0.000000,,128.125000,126.000000,17.227270,105.000000,194.000000,0.134457,8103023.000000,8103023.000000,0.000000,8103023.000000,8103023.000000,0.000000,0.000000,0.000000,0.000000,0.000000,0.000000,,0.000000,0.000000,0.000000,0.000000,0.000000,,1465.000000,1465.000000,0.000000,1465.000000,1465.000000,0.000000,1465.000000,1465.000000,0.000000,1465.000000,1465.000000,0.000000,0.000000,0.000000,0.000000,0.000000,0.000000,
locals,270000,40,179.615025,179.219500,12.893806,153.317000,209.410000,0.071786,0.000000,0.000000,0.000000,0.000000,0.000000,,148.925000,147.000000,13.403764,127.000000,178.000000,0.090003,9990023.000000,9990023.000000,0.000000,9990023.000000,9990023.000000,0.000000,0.000000,0.000000,0.000000,0.000000,0.000000,,0.000000,0.000000,0.000000,0.000000,0.000000,,1465.000000,1465.000000,0.000000,1465.000000,1465.000000,0.000000,1465.000000,1465.000000,0.000000,1465.000000,1465.000000,0.000000,0.000000,0.000000,0.000000,0.000000,0.000000,
locals,331000,40,211.702350,200.786500,27.942040,176.312000,302.062000,0.131987,0.000000,0.000000,0.000000,0.000000,0.000000,,182.825000,176.500000,26.938570,149.000000,266.000000,0.147346,12247023.000000,12247023.000000,0.000000,12247023.000000,12247023.000000,0.000000,0.000000,0.000000,0.000000,0.000000,0.000000,,0.000000,0.000000,0.000000,0.000000,0.000000,,1465.000000,1465.000000,0.000000,1465.000000,1465.000000,0.000000,1465.000000,1465.000000,0.000000,1465.000000,1465.000000,0.000000,0.000000,0.000000,0.000000,0.000000,0.000000,
locals,407000,40,255.060925,253.842500,24.432934,206.824000,307.682000,0.095793,0.000000,0.000000,0.000000,0.000000,0.000000,,219.250000,215.500000,24.457970,178.000000,271.000000,0.111553,15059023.000000,15059023.000000,0.000000,15059023.000000,15059023.000000,0.000000,0.000000,0.000000,0.000000,0.000000,0.000000,,0.000000,0.000000,0.000000,0.000000,0.000000,,1465.000000,1465.000000,0.000000,1465.000000,1465.000000,0.000000,1465.000000,1465.000000,0.000000,1465.000000,1465.000000,0.000000,0.000000,0.000000,0.000000,0.000000,0.000000,
locals,500000,40,297.366875,289.331500,39.542231,225.726000,415.208000,0.132975,0.000000,0.000000,0.000000,0.000000,0.000000,,262.000000,258.500000,37.524693,193.000000,375.000000,0.143224,18500023.000000,18500023.000000,0.000000,18500023.000000,18500023.000000,0.000000,0.000000,0.000000,0.000000,0.000000,0.000000,,0.000000,0.000000,0.000000,0.000000,0.000000,,1465.000000,1465.000000,0.000000,1465.000000,1465.000000,0.000000,1465.000000,1465.000000,0.000000,1465.000000,1465.000000,0.000000,0.000000,0.000000,0.000000,0.000000,0.000000,
locals,614000,40,328.575575,323.653500,27.722095,287.856000,408.819000,0.084371,0.000000,0.000000,0.000000,0.000000,0.000000,,297.775000,294.500000,27.018026,251.000000,377.000000,0.090733,22718023.000000,22718023.000000,0.000000,22718023.000000,22718023.000000,0.000000,0.000000,0.000000,0.000000,0.000000,0.000000,,0.000000,0.000000,0.000000,0.000000,0.000000,,1465.000000,1465.000000,0.000000,1465.000000,1465.000000,0.000000,1465.000000,1465.000000,0.000000,1465.000000,1465.000000,0.000000,0.000000,0.000000,0.000000,0.000000,0.000000,
locals,755000,40,373.191225,365.580500,33.396193,329.439000,472.156000,0.089488,0.000000,0.000000,0.000000,0.000000,0.000000,,341.325000,334.000000,30.214097,305.000000,430.000000,0.088520,27935023.000000,27935023.000000,0.000000,27935023.000000,27935023.000000,0.000000,0.000000,0.000000,0.000000,0.000000,0.000000,,0.000000,0.000000,0.000000,0.000000,0.000000,,1465.000000,1465.000000,0.000000,1465.000000,1465.000000,0.000000,1465.000000,1465.000000,0.000000,1465.000000,1465.000000,0.000000,0.000000,0.000000,0.000000,0.000000,0.000000,
locals,927000,40,430.201550,426.642000,24.224661,398.234000,502.853000,0.056310,0.000000,0.000000,0.000000,0.000000,0.000000,,401.625000,397.500000,21.854633,373.000000,467.000000,0.054416,34299023.000000,34299023.000000,0.000000,34299023.000000,34299023.000000,0.000000,0.000000,0.000000,0.000000,0.000000,0.000000,,0.000000,0.000000,0.000000,0.000000,0.000000,,1465.000000,1465.000000,0.000000,1465.000000,1465.000000,0.000000,1465.000000,1465.000000,0.000000,1465.000000,1465.000000,0.000000,0.000000,0.000000,0.000000,0.000000,0.000000,
locals,1140000,40,593.734550,594.699000,63.970294,481.934000,725.069000,0.107742,0.000000,0.000000,0.000000,0.000000,0.000000,,561.350000,561.500000,61.970444,462.000000,694.000000,0.110395,42180023.000000,42180023.000000,0.000000,42180023.000000,42180023.000000,0.000000,0.000000,0.000000,0.000000,0.000000,0.000000,,0.000000,0.000000,0.000000,0.000000,0.000000,,1465.000000,1465.000000,0.000000,1465.000000,1465.000000,0.000000,1465.000000,1465.000000,0.000000,1465.000000,1465.000000,0.000000,0.000000,0.000000,0.000000,0.000000,0.000000,
locals,1400000,40,933.597750,903.233000,275.536361,491.303000,1635.003000,0.295134,0.000000,0.000000,0.000000,0.000000,0.000000,,860.425000,859.000000,266.689572,386.000000,1413.000000,0.309951,51800023.000000,51800023.000000,0.000000,51800023.000000,51800023.000000,0.000000,0.000000,0.000000,0.000000,0.000000,0.000000,,0.000000,0.000000,0.000000,0.000000,0.000000,,1465.000000,1465.000000,0.000000,1465.000000,1465.000000,0.000000,1465.000000,1465.000000,0.000000,1465.000000,1465.000000,0.000000,0.000000,0.000000,0.000000,0.000000,0.000000,
methods,16000,40,86.715925,84.049000,19.719643,51.608000,123.746000,0.227405,0.000000,0.000000,0.000000,0.000000,0.000000,,35.100000,34.000000,10.195021,22.000000,67.000000,0.290456,800065.000000,800065.000000,0.000000,800065.000000,800065.000000,0.000000,0.000000,0.000000,0.000000,0.000000,0.000000,,0.000000,0.000000,0.000000,0.000000,0.000000,,3736.000000,3736.000000,0.000000,3736.000000,3736.000000,0.000000,3864.000000,3864.000000,0.000000,3864.000000,3864.000000,0.000000,128.000000,128.000000,0.000000,128.000000,128.000000,0.000000
methods,19700,40,92.334875,89.504500,16.355364,68.244000,142.252000,0.177131,0.000000,0.000000,0.000000,0.000000,0.000000,,41.500000,40.000000,6.147753,34.000000,59.000000,0.148139,985065.000000,985065.000000,0.000000,985065.000000,985065.000000,0.000000,0.000000,0.000000,0.000000,0.000000,0.000000,,0.000000,0.000000,0.000000,0.000000,0.000000,,3736.000000,3736.000000,0.000000,3736.000000,3736.000000,0.000000,3864.000000,3864.000000,0.000000,3864.000000,3864.000000,0.000000,128.000000,128.000000,0.000000,128.000000,128.000000,0.000000
methods,24200,40,104.559875,97.957000,26.725444,79.376000,246.868000,0.255599,0.000000,0.000000,0.000000,0.000000,0.000000,,52.050000,51.000000,8.424476,38.000000,73.000000,0.161854,1210065.000000,1210065.000000,0.000000,1210065.000000,1210065.000000,0.000000,0.000000,0.000000,0.000000,0.000000,0.000000,,0.000000,0.000000,0.000000,0.000000,0.000000,,3736.000000,3736.000000,0.000000,3736.000000,3736.000000,0.000000,3864.000000,3864.000000,0.000000,3864.000000,3864.000000,0.000000,128.000000,128.000000,0.000000,128.000000,128.000000,0.000000
methods,29700,40,105.429800,101.028500,21.650233,72.862000,188.550000,0.205352,0.000000,0.000000,0.000000,0.000000,0.000000,,60.725000,61.000000,9.494904,46.000000,94.000000,0.156359,1485065.000000,1485065.000000,0.000000,1485065.000000,1485065.000000,0.000000,0.000000,0.000000,0.000000,0.000000,0.000000,,0.000000,0.000000,0.000000,0.000000,0.000000,,3736.000000,3736.000000,0.000000,3736.000000,3736.000000,0.000000,3864.000000,3864.000000,0.000000,3864.000000,3864.000000,0.000000,128.000000,128.000000,0.000000,128.000000,128.000000,0.000000
methods,36500,40,106.620925,103.124000,18.889096,79.474000,200.478000,0.177161,0.000000,0.000000,0.000000,0.000000,0.000000,,70.050000,67.000000,17.859781,51.000000,168.000000,0.254958,1825065.000000,1825065.000000,0.000000,1825065.000000,1825065.000000,0.000000,0.000000,0.000000,0.000000,0.000000,0.000000,,0.000000,0.000000,0.000000,0.000000,0.000000,,3736.000000,3736.000000,0.000000,3736.000000,3736.000000,0.000000,3864.000000,3864.000000,0.000000,3864.000000,3864.000000,0.000000,128.000000,128.000000,0.000000,128.000000,128.000000,0.000000
methods,44800,40,113.495225,113.212500,10.624427,94.689000,145.706000,0.093611,0.000000,0.000000,0.000000,0.000000,0.000000,,76.650000,76.000000,9.039940,63.000000,102.000000,0.117938,2240065.000000,2240065.000000,0.000000,2240065.000000,2240065.000000,0.000000,0.000000,0.000000,0.000000,0.000000,0.000000,,0.000000,0.000000,0.000000,0.000000,0.000000,,3736.000000,3736.000000,0.000000,3736.000000,3736.000000,0.000000,3864.000000,3864.000000,0.000000,3864.000000,3864.000000,0.000000,128.000000,128.000000,0.000000,128.000000,128.000000,0.000000
methods,55000,40,129.713475,128.095500,10.641735,111.462000,160.556000,0.082040,0.000000,0.000000,0.000000,0.000000,0.000000,,90.925000,90.000000,8.364723,79.000000,126.000000,0.091996,2750065.000000,2750065.000000,0.000000,2750065.000000,2750065.000000,0.000000,0.000000,0.000000,0.000000,0.000000,0.000000,,0.000000,0.000000,0.000000,0.000000,0.000000,,3736.000000,3736.000000,0.000000,3736.000000,3736.000000,0.000000,3864.000000,3864.000000,0.000000,3864.000000,3864.000000,0.000000,128.000000,128.000000,0.000000,128.000000,128.000000,0.000000
methods,67600,40,146.822375,142.113500,15.837640,120.881000,194.332000,0.107869,0.000000,0.000000,0.000000,0.000000,0.000000,,107.650000,107.500000,9.944848,92.000000,145.000000,0.092381,3380065.000000,3380065.000000,0.000000,3380065.000000,3380065.000000,0.000000,0.000000,0.000000,0.000000,0.000000,0.000000,,0.000000,0.000000,0.000000,0.000000,0.000000,,3736.000000,3736.000000,0.000000,3736.000000,3736.000000,0.000000,3864.000000,3864.000000,0.000000,3864.000000,3864.000000,0.000000,128.000000,128.000000,0.000000,128.000000,128.000000,0.000000
methods,83100,40,173.073925,167.356000,55.902406,123.490000,499.505000,0.322997,0.000000,0.000000,0.000000,0.000000,0.000000,,131.000000,132.000000,18.483534,85.000000,183.000000,0.141096,4155065.000000,4155065.000000,0.000000,4155065.000000,4155065.000000,0.000000,0.000000,0.000000,0.000000,0.000000,0.000000,,0.000000,0.000000,0.000000,0.000000,0.000000,,3736.000000,3736.000000,0.000000,3736.000000,3736.000000,0.000000,3864.000000,3864.000000,0.000000,3864.000000,3864.000000,0.000000,128.000000,128.000000,0.000000,128.000000,128.000000,0.000000
methods,102000,40,197.706375,195.224500,17.033809,168.089000,251.780000,0.086157,0.000000,0.000000,0.000000,0.000000,0.000000,,159.325000,156.000000,14.383729,133.000000,217.000000,0.090279,5100065.000000,5100065.000000,0.000000,5100065.000000,5100065.000000,0.000000,0.000000,0.000000,0.000000,0.000000,0.000000,,0.000000,0.000000,0.000000,0.000000,0.000000,,3736.000000,3736.000000,0.000000,3736.000000,3736.000000,0.000000,3864.000000,3864.000000,0.000000,3864.000000,3864.000000,0.000000,128.000000,128.000000,0.000000,128.000000,128.000000,0.000000
methods,125000,40,238.933650,235.333500,31.907344,206.327000,406.303000,0.133541,0.000000,0.000000,0.000000,0.000000,0.000000,,198.775000,198.000000,16.715550,149.000000,249.000000,0.084093,6250065.000000,6250065.000000,0.000000,6250065.000000,6250065.000000,0.000000,0.000000,0.000000,0.000000,0.000000,0.000000,,0.000000,0.000000,0.000000,0.000000,0.000000,,3736.000000,3736.000000,0.000000,3736.000000,3736.000000,0.000000,3864.000000,3864.000000,0.000000,3864.000000,3864.000000,0.000000,128.000000,128.000000,0.000000,128.000000,128.000000,0.000000
methods,154000,40,251.938975,245.724000,37.487055,188.061000,342.807000,0.148794,0.000000,0.000000,0.000000,0.000000,0.000000,,208.750000,209.000000,30.345658,145.000000,286.000000,0.145368,7700065.000000,7700065.000000,0.000000,7700065.000000,7700065.000000,0.000000,0.000000,0.000000,0.000000,0.000000,0.000000,,0.000000,0.000000,0.000000,0.000000,0.000000,,3736.000000,3736.000000,0.000000,3736.000000,3736.000000,0.000000,3864.000000,3864.000000,0.000000,3864.000000,3864.000000,0.000000,128.000000,128.000000,0.000000,128.000000,128.000000,0.000000
methods,189000,40,317.821875,320.288500,24.325108,270.939000,368.434000,0.076537,0.000000,0.000000,0.000000,0.000000,0.000000,,280.300000,281.500000,23.069794,236.000000,325.000000,0.082304,9450065.000000,9450065.000000,0.000000,9450065.000000,9450065.000000,0.000000,0.000000,0.000000,0.000000,0.000000,0.000000,,0.000000,0.000000,0.000000,0.000000,0.000000,,3736.000000,3736.000000,0.000000,3736.000000,3736.000000,0.000000,3864.000000,3864.000000,0.000000,3864.000000,3864.000000,0.000000,128.000000,128.000000,0.000000,128.000000,128.000000,0.000000
methods,233000,40,339.216125,336.784500,40.793685,263.791000,433.538000,0.120259,0.000000,0.000000,0.000000,0.000000,0.000000,,306.125000,300.500000,37.831060,239.000000,393.000000,0.123580,11650065.000000,11650065.000000,0.000000,11650065.000000,11650065.000000,0.000000,0.000000,0.000000,0.000000,0.000000,0.000000,,0.000000,0.000000,0.000000,0.000000,0.000000,,3736.000000,3736.000000,0.000000,3736.000000,3736.000000,0.000000,3864.000000,3864.000000,0.000000,3864.000000,3864.000000,0.000000,128.000000,128.000000,0.000000,128.000000,128.000000,0.000000
methods,286000,40,398.027025,373.746000,56.758470,341.546000,585.552000,0.142600,0.000000,0.000000,0.000000,0.000000,0.000000,,362.275000,342.000000,51.304015,314.000000,530.000000,0.141616,14300065.000000,14300065.000000,0.000000,14300065.000000,14300065.000000,0.000000,0.000000,0.000000,0.000000,0.000000,0.000000,,0.000000,0.000000,0.000000,0.000000,0.000000,,3736.000000,3736.000000,0.000000,3736.000000,3736.000000,0.000000,3864.000000,3864.000000,0.000000,3864.000000,3864.000000,0.000000,128.000000,128.000000,0.000000,128.000000,128.000000,0.000000
methods,351000,40,440.660700,437.890000,27.848516,396.240000,517.340000,0.063197,0.000000,0.000000,0.000000,0.000000,0.000000,,406.700000,402.000000,26.435407,358.000000,492.000000,0.065000,17550065.000000,17550065.000000,0.000000,17550065.000000,17550065.000000,0.000000,0.000000,0.000000,0.000000,0.000000,0.000000,,0.000000,0.000000,0.000000,0.000000,0.000000,,3736.000000,3736.000000,0.000000,3736.000000,3736.000000,0.000000,3864.000000,3864.000000,0.000000,3864.000000,3864.000000,0.000000,128.000000,128.000000,0.000000,128.000000,128.000000,0.000000
methods,431000,40,536.738700,520.784500,47.071438,474.153000,670.000000,0.087699,0.000000,0.000000,0.000000,0.000000,0.000000,,504.100000,489.500000,45.462185,452.000000,639.000000,0.090185,21550065.000000,21550065.000000,0.000000,21550065.000000,21550065.000000,0.000000,0.000000,0.000000,0.000000,0.000000,0.000000,,0.000000,0.000000,0.000000,0.000000,0.000000,,3736.000000,3736.000000,0.000000,3736.000000,3736.000000,0.000000,3864.000000,3864.000000,0.000000,3864.000000,3864.000000,0.000000,128.000000,128.000000,0.000000,128.000000,128.000000,0.000000
methods,530000,40,625.560875,617.413000,35.012364,575.620000,750.649000,0.055970,0.000000,0.000000,0.000000,0.000000,0.000000,,595.450000,591.500000,32.341091,539.000000,727.000000,0.054314,26500065.000000,26500065.000000,0.000000,26500065.000000,26500065.000000,0.000000,0.000000,0.000000,0.000000,0.000000,0.000000,,0.000000,0.000000,0.000000,0.000000,0.000000,,3736.000000,3736.000000,0.000000,3736.000000,3736.000000,0.000000,3864.000000,3864.000000,0.000000,3864.000000,3864.000000,0.000000,128.000000,128.000000,0.000000,128.000000,128.000000,0.000000
methods,651000,40,751.167775,744.185500,40.630381,673.412000,833.087000,0.054090,0.000000,0.000000,0.000000,0.000000,0.000000,,719.525000,714.000000,39.023982,643.000000,796.000000,0.054236,32550065.000000,32550065.000000,0.000000,32550065.000000,32550065.000000,0.000000,0.000000,0.000000,0.000000,0.000000,0.000000,,0.000000,0.000000,0.000000,0.000000,0.000000,,3736.000000,3736.000000,0.000000,3736.000000,3736.000000,0.000000,3864.000000,3864.000000,0.000000,3864.000000,3864.000000,0.000000,128.000000,128.000000,0.000000,128.000000,128.000000,0.000000
methods,800000,40,921.406600,872.330000,101.541537,815.378000,1220.949000,0.110203,0.000000,0.000000,0.000000,0.000000,0.000000,,882.725000,843.500000,95.659114,768.000000,1175.000000,0.108368,40000065.000000,40000065.000000,0.000000,40000065.000000,40000065.000000,0.000000,0.000000,0.000000,0.000000,0.000000,0.000000,,0.000000,0.000000,0.000000,0.000000,0.000000,,3736.000000,3736.000000,0.000000,3736.000000,3736.000000,0.000000,3864.000000,3864.000000,0.000000,3864.000000,3864.000000,0.000000,128.000000,128.000000,0.000000,128.000000,128.000000,0.000000
properties,16000,40,61.467950,56.118000,22.899866,42.539000,187.392000,0.372550,0.000000,0.000000,0.000000,0.000000,0.000000,,23.275000,23.000000,6.214076,10.000000,35.000000,0.266985,848046.000000,848046.000000,0.000000,848046.000000,848046.000000,0.000000,0.000000,0.000000,0.000000,0.000000,0.000000,,0.000000,0.000000,0.000000,0.000000,0.000000,,2593.000000,2593.000000,0.000000,2593.000000,2593.000000,0.000000,2721.000000,2721.000000,0.000000,2721.000000,2721.000000,0.000000,128.000000,128.000000,0.000000,128.000000,128.000000,0.000000
properties,19700,40,67.890500,66.860500,11.261502,51.515000,106.576000,0.165877,0.000000,0.000000,0.000000,0.000000,0.000000,,32.275000,32.000000,4.420161,23.000000,49.000000,0.136953,1044146.000000,1044146.000000,0.000000,1044146.000000,1044146.000000,0.000000,0.000000,0.000000,0.000000,0.000000,0.000000,,0.000000,0.000000,0.000000,0.000000,0.000000,,2593.000000,2593.000000,0.000000,2593.000000,2593.000000,0.000000,2721.000000,2721.000000,0.000000,2721.000000,2721.000000,0.000000,128.000000,128.000000,0.000000,128.000000,128.000000,0.000000
properties,24200,40,76.014350,75.925500,11.781053,58.441000,107.204000,0.154985,0.000000,0.000000,0.000000,0.000000,0.000000,,40.275000,40.000000,6.025533,27.000000,58.000000,0.149610,1282646.000000,1282646.000000,0.000000,1282646.000000,1282646.000000,0.000000,0.000000,0.000000,0.000000,0.000000,0.000000,,0.000000,0.000000,0.000000,0.000000,0.000000,,2593.000000,2593.000000,0.000000,2593.000000,2593.000000,0.000000,2721.000000,2721.000000,0.000000,2721.000000,2721.000000,0.000000,128.000000,128.000000,0.000000,128.000000,128.000000,0.000000
properties,29700,40,84.727925,82.422000,14.837284,66.142000,159.636000,0.175117,0.000000,0.000000,0.000000,0.000000,0.000000,,50.775000,50.000000,9.417625,31.000000,93.000000,0.185478,1574146.000000,1574146.000000,0.000000,1574146.000000,1574146.000000,0.000000,0.000000,0.000000,0.000000,0.000000,0.000000,,0.000000,0.000000,0.000000,0.000000,0.000000,,2593.000000,2593.000000,0.000000,2593.000000,2593.000000,0.000000,2721.000000,2721.000000,0.000000,2721.000000,2721.000000,0.000000,128.000000,128.000000,0.000000,128.000000,128.000000,0.000000
properties,36500,40,97.842500,96.262500,10.824380,80.689000,118.294000,0.110631,0.000000,0.000000,0.000000,0.000000,0.000000,,61.275000,62.000000,7.496965,45.000000,79.000000,0.122349,1934546.000000,1934546.000000,0.000000,1934546.000000,1934546.000000,0.000000,0.000000,0.000000,0.000000,0.000000,0.000000,,0.000000,0.000000,0.000000,0.000000,0.000000,,2593.000000,2593.000000,0.000000,2593.000000,2593.000000,0.000000,2721.000000,2721.000000,0.000000,2721.000000,2721.000000,0.000000,128.000000,128.000000,0.000000,128.000000,128.000000,0.000000
properties,44800,40,113.124975,112.784500,8.828566,96.716000,138.348000,0.078043,0.000000,0.000000,0.000000,0.000000,0.000000,,81.625000,81.000000,6.399870,69.000000,107.000000,0.078406,2374446.000000,2374446.000000,0.000000,2374446.000000,2374446.000000,0.000000,0.000000,0.000000,0.000000,0.000000,0.000000,,0.000000,0.000000,0.000000,0.000000,0.000000,,2593.000000,2593.000000,0.000000,2593.000000,2593.000000,0.000000,2721.000000,2721.000000,0.000000,2721.000000,2721.000000,0.000000,128.000000,128.000000,0.000000,128.000000,128.000000,0.000000
properties,55000,40,132.324900,131.165000,10.296678,108.113000,153.865000,0.077814,0.000000,0.000000,0.000000,0.000000,0.000000,,94.850000,93.500000,9.649100,78.000000,114.000000,0.101730,2915046.000000,2915046.000000,0.000000,2915046.000000,2915046.000000,0.000000,0.000000,0.000000,0.000000,0.000000,0.000000,,0.000000,0.000000,0.000000,0.000000,0.000000,,2593.000000,2593.000000,0.000000,2593.000000,2593.000000,0.000000,2721.000000,2721.000000,0.000000,2721.000000,2721.000000,0.000000,128.000000,128.000000,0.000000,128.000000,128.000000,0.000000
properties,67600,40,144.826275,142.852000,12.978336,119.041000,182.205000,0.089613,0.000000,0.000000,0.000000,0.000000,0.000000,,106.400000,105.000000,8.943699,94.000000,130.000000,0.084057,3582846.000000,3582846.000000,0.000000,3582846.000000,3582846.000000,0.000000,0.000000,0.000000,0.000000,0.000000,0.000000,,0.000000,0.000000,0.000000,0.000000,0.000000,,2593.000000,2593.000000,0.000000,2593.000000,2593.000000,0.000000,2721.000000,2721.000000,0.000000,2721.000000,2721.000000,0.000000,128.000000,128.000000,0.000000,128.000000,128.000000,0.000000
properties,83100,40,160.157650,157.017500,14.850432,133.690000,199.443000,0.092724,0.000000,0.000000,0.000000,0.000000,0.000000,,127.025000,125.000000,11.472347,109.000000,165.000000,0.090316,4404346.000000,4404346.000000,0.000000,4404346.000000,4404346.000000,0.000000,0.000000,0.000000,0.000000,0.000000,0.000000,,0.000000,0.000000,0.000000,0.000000,0.000000,,2593.000000,2593.000000,0.000000,2593.000000,2593.000000,0.000000,2721.000000,2721.000000,0.000000,2721.000000,2721.000000,0.000000,128.000000,128.000000,0.000000,128.000000,128.000000,0.000000
properties,102000,40,181.616775,179.088500,13.224765,160.918000,226.534000,0.072817,0.000000,0.000000,0.000000,0.000000,0.000000,,152.100000,154.500000,12.947230,131.000000,192.000000,0.085123,5406046.000000,5406046.000000,0.000000,5406046.000000,5406046.000000,0.000000,0.000000,0.000000,0.000000,0.000000,0.000000,,0.000000,0.000000,0.000000,0.000000,0.000000,,2593.000000,2593.000000,0.000000,2593.000000,2593.000000,0.000000,2721.000000,2721.000000,0.000000,2721.000000,2721.000000,0.000000,128.000000,128.000000,0.000000,128.000000,128.000000,0.000000
properties,125000,40,207.821550,205.007500,18.984963,182.064000,288.818000,0.091352,0.000000,0.000000,0.000000,0.000000,0.000000,,179.650000,178.000000,15.665657,157.000000,246.000000,0.087201,6625046.000000,6625046.000000,0.000000,6625046.000000,6625046.000000,0.000000,0.000000,0.000000,0.000000,0.000000,0.000000,,0.000000,0.000000,0.000000,0.000000,0.000000,,2593.000000,2593.000000,0.000000,2593.000000,2593.000000,0.000000,2721.000000,2721.000000,0.000000,2721.000000,2721.000000,0.000000,128.000000,128.000000,0.000000,128.000000,128.000000,0.000000
properties,154000,40,239.555275,241.414500,22.329746,195.775000,287.508000,0.093213,0.000000,0.000000,0.000000,0.000000,0.000000,,208.975000,208.500000,21.433843,166.000000,255.000000,0.102567,8162046.000000,8162046.000000,0.000000,8162046.000000,8162046.000000,0.000000,0.000000,0.000000,0.000000,0.000000,0.000000,,0.000000,0.000000,0.000000,0.000000,0.000000,,2593.000000,2593.000000,0.000000,2593.000000,2593.000000,0.000000,2721.000000,2721.000000,0.000000,2721.000000,2721.000000,0.000000,128.000000,128.000000,0.000000,128.000000,128.000000,0.000000
properties,189000,40,284.988200,281.996000,24.971549,238.649000,343.156000,0.087623,0.000000,0.000000,0.000000,0.000000,0.000000,,249.375000,245.500000,23.422198,211.000000,306.000000,0.093924,10017046.000000,10017046.000000,0.000000,10017046.000000,10017046.000000,0.000000,0.000000,0.000000,0.000000,0.000000,0.000000,,0.000000,0.000000,0.000000,0.000000,0.000000,,2593.000000,2593.000000,0.000000,2593.000000,2593.000000,0.000000,2721.000000,2721.000000,0.000000,2721.000000,2721.000000,0.000000,128.000000,128.000000,0.000000,128.000000,128.000000,0.000000
properties,233000,40,328.431275,325.077500,36.772215,258.921000,419.291000,0.111963,0.000000,0.000000,0.000000,0.000000,0.000000,,297.750000,292.500000,34.918036,236.000000,373.000000,0.117273,12349046.000000,12349046.000000,0.000000,12349046.000000,12349046.000000,0.000000,0.000000,0.000000,0.000000,0.000000,0.000000,,0.000000,0.000000,0.000000,0.000000,0.000000,,2593.000000,2593.000000,0.000000,2593.000000,2593.000000,0.000000,2721.000000,2721.000000,0.000000,2721.000000,2721.000000,0.000000,128.000000,128.000000,0.000000,128.000000,128.000000,0.000000
properties,286000,40,383.299975,368.963500,43.855119,316.360000,499.314000,0.114415,0.000000,0.000000,0.000000,0.000000,0.000000,,349.000000,336.000000,38.105791,292.000000,450.000000,0.109186,15158046.000000,15158046.000000,0.000000,15158046.000000,15158046.000000,0.000000,0.000000,0.000000,0.000000,0.000000,0.000000,,0.000000,0.000000,0.000000,0.000000,0.000000,,2593.000000,2593.000000,0.000000,2593.000000,2593.000000,0.000000,2721.000000,2721.000000,0.000000,2721.000000,2721.000000,0.000000,128.000000,128.000000,0.000000,128.000000,128.000000,0.000000
properties,351000,40,428.993850,420.375000,31.449081,384.947000,518.525000,0.073309,0.000000,0.000000,0.000000,0.000000,0.000000,,398.575000,394.000000,29.518258,350.000000,485.000000,0.074059,18603046.000000,18603046.000000,0.000000,18603046.000000,18603046.000000,0.000000,0.000000,0.000000,0.000000,0.000000,0.000000,,0.000000,0.000000,0.000000,0.000000,0.000000,,2593.000000,2593.000000,0.000000,2593.000000,2593.000000,0.000000,2721.000000,2721.000000,0.000000,2721.000000,2721.000000,0.000000,128.000000,128.000000,0.000000,128.000000,128.000000,0.000000
properties,431000,40,512.207450,500.656000,32.147887,464.139000,596.575000,0.062763,0.000000,0.000000,0.000000,0.000000,0.000000,,481.925000,471.500000,31.389519,436.000000,570.000000,0.065134,22843046.000000,22843046.000000,0.000000,22843046.000000,22843046.000000,0.000000,0.000000,0.000000,0.000000,0.000000,0.000000,,0.000000,0.000000,0.000000,0.000000,0.000000,,2593.000000,2593.000000,0.000000,2593.000000,2593.000000,0.000000,2721.000000,2721.000000,0.000000,2721.000000,2721.000000,0.000000,128.000000,128.000000,0.000000,128.000000,128.000000,0.000000
properties,530000,40,642.231325,620.348500,70.549813,519.894000,823.898000,0.109851,0.000000,0.000000,0.000000,0.000000,0.000000,,611.000000,587.500000,67.699941,493.000000,788.000000,0.110802,28090046.000000,28090046.000000,0.000000,28090046.000000,28090046.000000,0.000000,0.000000,0.000000,0.000000,0.000000,0.000000,,0.000000,0.000000,0.000000,0.000000,0.000000,,2593.000000,2593.000000,0.000000,2593.000000,2593.000000,0.000000,2721.000000,2721.000000,0.000000,2721.000000,2721.000000,0.000000,128.000000,128.000000,0.000000,128.000000,128.000000,0.000000
properties,651000,40,763.522625,754.995500,66.852516,668.084000,939.580000,0.087558,0.000000,0.000000,0.000000,0.000000,0.000000,,721.325000,718.000000,58.262178,617.000000,869.000000,0.080771,34503046.000000,34503046.000000,0.000000,34503046.000000,34503046.000000,0.000000,0.000000,0.000000,0.000000,0.000000,0.000000,,0.000000,0.000000,0.000000,0.000000,0.000000,,2593.000000,2593.000000,0.000000,2593.000000,2593.000000,0.000000,2721.000000,2721.000000,0.000000,2721.000000,2721.000000,0.000000,128.000000,128.000000,0.000000,128.000000,128.000000,0.000000
properties,800000,40,972.386825,919.680000,136.862238,808.717000,1322.501000,0.140749,0.000000,0.000000,0.000000,0.000000,0.000000,,926.400000,891.000000,119.382986,759.000000,1166.000000,0.128868,42400046.000000,42400046.000000,0.000000,42400046.000000,42400046.000000,0.000000,0.000000,0.000000,0.000000,0.000000,0.000000,,0.000000,0.000000,0.000000,0.000000,0.000000,,2593.000000,2593.000000,0.000000,2593.000000,2593.000000,0.000000,2721.000000,2721.000000,0.000000,2721.000000,2721.000000,0.000000,128.000000,128.000000,0.000000,128.000000,128.000000,0.000000
recursion,12,40,37.039425,34.349500,9.316569,21.874000,62.498000,0.251531,0.000000,0.000000,0.000000,0.000000,0.000000,,0.075000,0.000000,0.349908,0.000000,2.000000,4.665446,5585.000000,5585.000000,0.000000,5585.000000,5585.000000,0.000000,0.000000,0.000000,0.000000,0.000000,0.000000,,0.000000,0.000000,0.000000,0.000000,0.000000,,1145.000000,1145.000000,0.000000,1145.000000,1145.000000,0.000000,1145.000000,1145.000000,0.000000,1145.000000,1145.000000,0.000000,0.000000,0.000000,0.000000,0.000000,0.000000,
recursion,13,40,41.706025,35.326000,20.508873,24.228000,153.150000,0.491748,0.000000,0.000000,0.000000,0.000000,0.000000,,0.225000,0.000000,0.619657,0.000000,2.000000,2.754030,9041.000000,9041.000000,0.000000,9041.000000,9041.000000,0.000000,0.000000,0.000000,0.000000,0.000000,0.000000,,0.000000,0.000000,0.000000,0.000000,0.000000,,1145.000000,1145.000000,0.000000,1145.000000,1145.000000,0.000000,1145.000000,1145.000000,0.000000,1145.000000,1145.000000,0.000000,0.000000,0.000000,0.000000,0.000000,0.000000,
recursion,14,40,36.558800,36.009000,8.488575,24.186000,69.445000,0.232190,0.000000,0.000000,0.000000,0.000000,0.000000,,0.475000,0.000000,0.905468,0.000000,3.000000,1.906248,14633.000000,14633.000000,0.000000,14633.000000,14633.000000,0.000000,0.000000,0.000000,0.000000,0.000000,0.000000,,0.000000,0.000000,0.000000,0.000000,0.000000,,1145.000000,1145.000000,0.000000,1145.000000,1145.000000,0.000000,1145.000000,1145.000000,0.000000,1145.000000,1145.000000,0.000000,0.000000,0.000000,0.000000,0.000000,0.000000,
recursion,15,40,38.494450,38.534000,8.547052,25.195000,60.913000,0.222033,0.000000,0.000000,0.000000,0.000000,0.000000,,1.000000,0.000000,1.281025,0.000000,5.000000,1.281025,23681.000000,23681.000000,0.000000,23681.000000,23681.000000,0.000000,0.000000,0.000000,0.000000,0.000000,0.000000,,0.000000,0.000000,0.000000,0.000000,0.000000,,1145.000000,1145.000000,0.000000,1145.000000,1145.000000,0.000000,1145.000000,1145.000000,0.000000,1145.000000,1145.000000,0.000000,0.000000,0.000000,0.000000,0.000000,0.000000,
recursion,16,40,39.957550,36.402000,12.451890,25.175000,77.011000,0.311628,0.000000,0.000000,0.000000,0.000000,0.000000,,1.275000,1.000000,1.300641,0.000000,5.000000,1.020110,38321.000000,38321.000000,0.000000,38321.000000,38321.000000,0.000000,0.000000,0.000000,0.000000,0.000000,0.000000,,0.000000,0.000000,0.000000,0.000000,0.000000,,1145.000000,1145.000000,0.000000,1145.000000,1145.000000,0.000000,1145.000000,1145.000000,0.000000,1145.000000,1145.000000,0.000000,0.000000,0.000000,0.000000,0.000000,0.000000,
recursion,17,40,39.048750,38.005500,10.867059,23.613000,70.569000,0.278295,0.000000,0.000000,0.000000,0.000000,0.000000,,1.925000,2.000000,1.623347,0.000000,7.000000,0.843297,62009.000000,62009.000000,0.000000,62009.000000,62009.000000,0.000000,0.000000,0.000000,0.000000,0.000000,0.000000,,0.000000,0.000000,0.000000,0.000000,0.000000,,1145.000000,1145.000000,0.000000,1145.000000,1145.000000,0.000000,1145.000000,1145.000000,0.000000,1145.000000,1145.000000,0.000000,0.000000,0.000000,0.000000,0.000000,0.000000,
recursion,18,40,41.099025,41.324500,8.502226,27.652000,61.594000,0.206872,0.000000,0.000000,0.000000,0.000000,0.000000,,3.225000,3.000000,1.510434,0.000000,6.000000,0.468352,100337.000000,100337.000000,0.000000,100337.000000,100337.000000,0.000000,0.000000,0.000000,0.000000,0.000000,0.000000,,0.000000,0.000000,0.000000,0.000000,0.000000,,1145.000000,1145.000000,0.000000,1145.000000,1145.000000,0.000000,1145.000000,1145.000000,0.000000,1145.000000,1145.000000,0.000000,0.000000,0.000000,0.000000,0.000000,0.000000,
recursion,19,40,42.141525,41.948000,9.999703,27.082000,74.848000,0.237289,0.000000,0.000000,0.000000,0.000000,0.000000,,5.100000,5.000000,2.907109,0.000000,12.000000,0.570021,162353.000000,162353.000000,0.000000,162353.000000,162353.000000,0.000000,0.000000,0.000000,0.000000,0.000000,0.000000,,0.000000,0.000000,0.000000,0.000000,0.000000,,1145.000000,1145.000000,0.000000,1145.000000,1145.000000,0.000000,1145.000000,1145.000000,0.000000,1145.000000,1145.000000,0.000000,0.000000,0.000000,0.000000,0.000000,0.000000,
recursion,20,40,42.494050,41.301500,7.924723,29.548000,62.263000,0.186490,0.000000,0.000000,0.000000,0.000000,0.000000,,7.975000,8.000000,2.081512,1.000000,12.000000,0.261005,262697.000000,262697.000000,0.000000,262697.000000,262697.000000,0.000000,0.000000,0.000000,0.000000,0.000000,0.000000,,0.000000,0.000000,0.000000,0.000000,0.000000,,1145.000000,1145.000000,0.000000,1145.000000,1145.000000,0.000000,1145.000000,1145.000000,0.000000,1145.000000,1145.000000,0.000000,0.000000,0.000000,0.000000,0.000000,0.000000,
recursion,21,40,49.128675,50.206000,7.952580,34.741000,69.906000,0.161872,0.000000,0.000000,0.000000,0.000000,0.000000,,12.425000,13.000000,3.572599,4.000000,20.000000,0.287533,425057.000000,425057.000000,0.000000,425057.000000,425057.000000,0.000000,0.000000,0.000000,0.000000,0.000000,0.000000,,0.000000,0.000000,0.000000,0.000000,0.000000,,1145.000000,1145.000000,0.000000,1145.000000,1145.000000,0.000000,1145.000000,1145.000000,0.000000,1145.000000,1145.000000,0.000000,0.000000,0.000000,0.000000,0.000000,0.000000,
recursion,22,40,58.884225,55.491000,13.714576,41.740000,103.577000,0.232907,0.000000,0.000000,0.000000,0.000000,0.000000,,23.575000,21.500000,5.271537,16.000000,38.000000,0.223607,687761.000000,687761.000000,0.000000,687761.000000,687761.000000,0.000000,0.000000,0.000000,0.000000,0.000000,0.000000,,0.000000,0.000000,0.000000,0.000000,0.000000,,1145.000000,1145.000000,0.000000,1145.000000,1145.000000,0.000000,1145.000000,1145.000000,0.000000,1145.000000,1145.000000,0.000000,0.000000,0.000000,0.000000,0.000000,0.000000,
recursion,23,40,89.271250,86.561000,22.812838,57.223000,149.458000,0.255545,0.000000,0.000000,0.000000,0.000000,0.000000,,46.050000,42.000000,13.876654,26.000000,81.000000,0.301339,1112825.000000,1112825.000000,0.000000,1112825.000000,1112825.000000,0.000000,0.000000,0.000000,0.000000,0.000000,0.000000,,0.000000,0.000000,0.000000,0.000000,0.000000,,1145.000000,1145.000000,0.000000,1145.000000,1145.000000,0.000000,1145.000000,1145.000000,0.000000,1145.000000,1145.000000,0.000000,0.000000,0.000000,0.000000,0.000000,0.000000,
recursion,24,40,104.511175,91.986000,78.584589,63.789000,583.734000,0.751925,0.000000,0.000000,0.000000,0.000000,0.000000,,58.000000,60.000000,9.443489,31.000000,74.000000,0.162819,1800593.000000,1800593.000000,0.000000,1800593.000000,1800593.000000,0.000000,0.000000,0.000000,0.000000,0.000000,0.000000,,0.000000,0.000000,0.000000,0.000000,0.000000,,1145.000000,1145.000000,0.000000,1145.000000,1145.000000,0.000000,1145.000000,1145.000000,0.000000,1145.000000,1145.000000,0.000000,0.000000,0.000000,0.000000,0.000000,0.000000,
recursion,25,40,133.929775,131.441500,28.117139,87.450000,243.757000,0.209939,0.000000,0.000000,0.000000,0.000000,0.000000,,90.250000,91.500000,13.526328,55.000000,113.000000,0.149876,2913425.000000,2913425.000000,0.000000,2913425.000000,2913425.000000,0.000000,0.000000,0.000000,0.000000,0.000000,0.000000,,0.000000,0.000000,0.000000,0.000000,0.000000,,1145.000000,1145.000000,0.000000,1145.000000,1145.000000,0.000000,1145.000000,1145.000000,0.000000,1145.000000,1145.000000,0.000000,0.000000,0.000000,0.000000,0.000000,0.000000,
recursion,26,40,208.214275,192.046500,47.537998,164.123000,432.523000,0.228313,0.000000,0.000000,0.000000,0.000000,0.000000,,169.050000,155.000000,39.438982,129.000000,347.000000,0.233298,4714025.000000,4714025.000000,0.000000,4714025.000000,4714025.000000,0.000000,0.000000,0.000000,0.000000,0.000000,0.000000,,0.000000,0.000000,0.000000,0.000000,0.000000,,1145.000000,1145.000000,0.000000,1145.000000,1145.000000,0.000000,1145.000000,1145.000000,0.000000,1145.000000,1145.000000,0.000000,0.000000,0.000000,0.000000,0.000000,0.000000,
recursion,27,40,260.805300,258.552000,17.412251,224.378000,306.929000,0.066763,0.000000,0.000000,0.000000,0.000000,0.000000,,225.625000,225.500000,16.144678,195.000000,264.000000,0.071555,7627457.000000,7627457.000000,0.000000,7627457.000000,7627457.000000,0.000000,0.000000,0.000000,0.000000,0.000000,0.000000,,0.000000,0.000000,0.000000,0.000000,0.000000,,1145.000000,1145.000000,0.000000,1145.000000,1145.000000,0.000000,1145.000000,1145.000000,0.000000,1145.000000,1145.000000,0.000000,0.000000,0.000000,0.000000,0.000000,0.000000,
recursion,28,40,382.706475,379.408500,44.020615,324.924000,509.030000,0.115024,0.000000,0.000000,0.000000,0.000000,0.000000,,337.925000,336.000000,34.645004,286.000000,466.000000,0.102523,12341489.000000,12341489.000000,0.000000,12341489.000000,12341489.000000,0.000000,0.000000,0.000000,0.000000,0.000000,0.000000,,0.000000,0.000000,0.000000,0.000000,0.000000,,1145.000000,1145.000000,0.000000,1145.000000,1145.000000,0.000000,1145.000000,1145.000000,0.000000,1145.000000,1145.000000,0.000000,0.000000,0.000000,0.000000,0.000000,0.000000,
recursion,29,40,571.882625,560.292000,53.688047,455.294000,680.674000,0.093879,0.000000,0.000000,0.000000,0.000000,0.000000,,532.925000,523.000000,52.658740,416.000000,640.000000,0.098811,19968953.000000,19968953.000000,0.000000,19968953.000000,19968953.000000,0.000000,0.000000,0.000000,0.000000,0.000000,0.000000,,0.000000,0.000000,0.000000,0.000000,0.000000,,1145.000000,1145.000000,0.000000,1145.000000,1145.000000,0.000000,1145.000000,1145.000000,0.000000,1145.000000,1145.000000,0.000000,0.000000,0.000000,0.000000,0.000000,0.000000,
recursion,30,40,850.411500,830.817500,85.806055,703.612000,1056.540000,0.100899,0.000000,0.000000,0.000000,0.000000,0.000000,,814.350000,793.500000,83.938179,670.000000,1013.000000,0.103074,32310449.000000,32310449.000000,0.000000,32310449.000000,32310449.000000,0.000000,0.000000,0.000000,0.000000,0.000000,0.000000,,0.000000,0.000000,0.000000,0.000000,0.000000,,1145.000000,1145.000000,0.000000,1145.000000,1145.000000,0.000000,1145.000000,1145.000000,0.000000,1145.000000,1145.000000,0.000000,0.000000,0.000000,0.000000,0.000000,0.000000,
recursion,31,40,1273.222200,1248.181000,85.830944,1156.422000,1497.172000,0.067412,0.000000,0.000000,0.000000,0.000000,0.000000,,1238.425000,1215.000000,87.749027,1049.000000,1455.000000,0.070855,52279409.000000,52279409.000000,0.000000,52279409.000000,52279409.000000,0.000000,0.000000,0.000000,0.000000,0.000000,0.000000,,0.000000,0.000000,0.000000,0.000000,0.000000,,1145.000000,1145.000000,0.000000,1145.000000,1145.000000,0.000000,1145.000000,1145.000000,0.000000,1145.000000,1145.000000,0.000000,0.000000,0.000000,0.000000,0.000000,0.000000,
string_concat,2500,40,108.063025,102.504000,27.253513,72.646000,218.343000,0.252200,0.000000,0.000000,0.000000,0.000000,0.000000,,63.225000,60.000000,16.024800,40.000000,126.000000,0.253457,45022.000000,45022.000000,0.000000,45022.000000,45022.000000,0.000000,124.000000,124.000000,0.000000,124.000000,124.000000,0.000000,10.275000,9.500000,6.713887,0.000000,36.000000,0.653420,1049741.000000,1049741.000000,0.000000,1049741.000000,1049741.000000,0.000000,6381513.000000,6381513.000000,0.000000,6381513.000000,6381513.000000,0.000000,6322511.000000,6322511.000000,0.000000,6322511.000000,6322511.000000,0.000000
string_concat,2820,40,113.330850,110.430500,15.347150,94.609000,159.322000,0.135419,0.000000,0.000000,0.000000,0.000000,0.000000,,76.475000,73.000000,14.038386,63.000000,126.000000,0.183568,50782.000000,50782.000000,0.000000,50782.000000,50782.000000,0.000000,160.000000,160.000000,0.000000,160.000000,160.000000,0.000000,10.675000,10.000000,6.370555,0.000000,24.000000,0.596773,1049741.000000,1049741.000000,0.000000,1049741.000000,1049741.000000,0.000000,8092233.000000,8092233.000000,0.000000,8092233.000000,8092233.000000,0.000000,8041347.000000,8041347.000000,0.000000,8041347.000000,8041347.000000,0.000000
string_concat,3190,40,129.579650,126.765500,17.298572,105.472000,194.792000,0.133498,0.000000,0.000000,0.000000,0.000000,0.000000,,90.975000,87.000000,14.294499,74.000000,161.000000,0.157126,57442.000000,57442.000000,0.000000,57442.000000,57442.000000,0.000000,206.000000,206.000000,0.000000,206.000000,206.000000,0.000000,12.950000,12.000000,6.084659,1.000000,26.000000,0.469858,1049741.000000,1049741.000000,0.000000,1049741.000000,1049741.000000,0.000000,10325553.000000,10325553.000000,0.000000,10325553.000000,10325553.000000,0.000000,10259651.000000,10259651.000000,0.000000,10259651.000000,10259651.000000,0.000000
string_concat,3600,40,148.812850,146.205000,16.859903,126.095000,228.676000,0.113296,0.000000,0.000000,0.000000,0.000000,0.000000,,110.750000,109.500000,14.167044,97.000000,185.000000,0.127919,64822.000000,64822.000000,0.000000,64822.000000,64822.000000,0.000000,261.000000,261.000000,0.000000,261.000000,261.000000,0.000000,14.000000,14.000000,5.795666,4.000000,27.000000,0.413976,1049741.000000,1049741.000000,0.000000,1049741.000000,1049741.000000,0.000000,13120113.000000,13120113.000000,0.000000,13120113.000000,13120113.000000,0.000000,13035683.000000,13035683.000000,0.000000,13035683.000000,13035683.000000,0.000000
string_concat,4060,40,164.908950,164.054500,10.433107,149.424000,193.121000,0.063266,0.000000,0.000000,0.000000,0.000000,0.000000,,128.075000,127.500000,7.617078,108.000000,146.000000,0.059474,73102.000000,73102.000000,0.000000,73102.000000,73102.000000,0.000000,327.000000,327.000000,0.000000,327.000000,327.000000,0.000000,13.475000,12.000000,7.168262,0.000000,29.000000,0.531967,1049741.000000,1049741.000000,0.000000,1049741.000000,1049741.000000,0.000000,16655673.000000,16655673.000000,0.000000,16655673.000000,16655673.000000,0.000000,16581071.000000,16581071.000000,0.000000,16581071.000000,16581071.000000,0.000000
string_concat,4580,40,196.661700,191.775000,19.800727,173.625000,293.252000,0.100684,0.000000,0.000000,0.000000,0.000000,0.000000,,161.975000,161.000000,11.129742,144.000000,206.000000,0.068713,82462.000000,82462.000000,0.000000,82462.000000,82462.000000,0.000000,410.000000,410.000000,0.000000,410.000000,410.000000,0.000000,17.050000,17.500000,9.314863,1.000000,35.000000,0.546326,1049741.000000,1049741.000000,0.000000,1049741.000000,1049741.000000,0.000000,21161993.000000,21161993.000000,0.000000,21161993.000000,21161993.000000,0.000000,21091368.000000,21091368.000000,0.000000,21091368.000000,21091368.000000,0.000000
string_concat,5170,40,248.381275,242.479500,35.975167,203.510000,403.784000,0.144838,0.000000,0.000000,0.000000,0.000000,0.000000,,211.025000,208.500000,27.285281,173.000000,319.000000,0.129299,93082.000000,93082.000000,0.000000,93082.000000,93082.000000,0.000000,508.000000,508.000000,0.000000,508.000000,508.000000,0.000000,25.375000,24.500000,11.231109,8.000000,54.000000,0.442605,1049741.000000,1049741.000000,0.000000,1049741.000000,1049741.000000,0.000000,26929833.000000,26929833.000000,0.000000,26929833.000000,26929833.000000,0.000000,26833776.000000,26833776.000000,0.000000,26833776.000000,26833776.000000,0.000000
string_concat,5840,40,275.453625,275.146500,19.582828,238.030000,322.911000,0.071093,0.000000,0.000000,0.000000,0.000000,0.000000,,241.025000,242.500000,18.478661,199.000000,289.000000,0.076667,105142.000000,105142.000000,0.000000,105142.000000,105142.000000,0.000000,627.000000,627.000000,0.000000,627.000000,627.000000,0.000000,27.875000,27.000000,10.583460,7.000000,58.000000,0.379676,1049741.000000,1049741.000000,0.000000,1049741.000000,1049741.000000,0.000000,34323953.000000,34323953.000000,0.000000,34323953.000000,34323953.000000,0.000000,34243248.000000,34243248.000000,0.000000,34243248.000000,34243248.000000,0.000000
string_concat,6590,40,323.060325,323.815500,33.027934,239.581000,388.989000,0.102235,0.000000,0.000000,0.000000,0.000000,0.000000,,289.350000,291.500000,31.400269,214.000000,355.000000,0.108520,118642.000000,118642.000000,0.000000,118642.000000,118642.000000,0.000000,777.000000,777.000000,0.000000,777.000000,777.000000,0.000000,25.225000,23.000000,11.960378,6.000000,53.000000,0.474148,1049741.000000,1049741.000000,0.000000,1049741.000000,1049741.000000,0.000000,43665953.000000,43665953.000000,0.000000,43665953.000000,43665953.000000,0.000000,43579248.000000,43579248.000000,0.000000,43579248.000000,43579248.000000,0.000000
string_concat,7440,40,361.449000,349.736000,32.149720,307.914000,434.371000,0.088947,0.000000,0.000000,0.000000,0.000000,0.000000,,330.650000,322.500000,29.291243,285.000000,405.000000,0.088587,133942.000000,133942.000000,0.000000,133942.000000,133942.000000,0.000000,947.000000,947.000000,0.000000,947.000000,947.000000,0.000000,28.075000,27.000000,11.642952,10.000000,62.000000,0.414709,1049741.000000,1049741.000000,0.000000,1049741.000000,1049741.000000,0.000000,55613553.000000,55613553.000000,0.000000,55613553.000000,55613553.000000,0.000000,55520048.000000,55520048.000000,0.000000,55520048.000000,55520048.000000,0.000000
string_concat,8400,40,423.029000,415.743500,33.410364,379.155000,521.305000,0.078979,0.000000,0.000000,0.000000,0.000000,0.000000,,393.800000,385.500000,31.695830,352.000000,486.000000,0.080487,151222.000000,151222.000000,0.000000,151222.000000,151222.000000,0.000000,1139.000000,1139.000000,0.000000,1139.000000,1139.000000,0.000000,32.050000,31.000000,11.471146,5.000000,56.000000,0.357914,1049741.000000,1049741.000000,0.000000,1049741.000000,1049741.000000,0.000000,70844913.000000,70844913.000000,0.000000,70844913.000000,70844913.000000,0.000000,70743728.000000,70743728.000000,0.000000,70743728.000000,70743728.000000,0.000000
string_concat,9480,40,526.307475,506.339500,55.817308,459.239000,649.712000,0.106055,0.000000,0.000000,0.000000,0.000000,0.000000,,496.025000,476.000000,53.910889,421.000000,629.000000,0.108686,170662.000000,170662.000000,0.000000,170662.000000,170662.000000,0.000000,1406.000000,1406.000000,0.000000,1406.000000,1406.000000,0.000000,44.975000,38.500000,20.049282,21.000000,124.000000,0.445787,1049741.000000,1049741.000000,0.000000,1049741.000000,1049741.000000,0.000000,90183393.000000,90183393.000000,0.000000,90183393.000000,90183393.000000,0.000000,90054591.000000,90054591.000000,0.000000,90054591.000000,90054591.000000,0.000000
string_concat,10700,40,627.675250,608.950500,57.510614,573.320000,817.232000,0.091625,0.000000,0.000000,0.000000,0.000000,0.000000,,595.550000,582.000000,46.951666,535.000000,724.000000,0.078837,192622.000000,192622.000000,0.000000,192622.000000,192622.000000,0.000000,1711.000000,1711.000000,0.000000,1711.000000,1711.000000,0.000000,47.525000,45.000000,19.901021,16.000000,105.000000,0.418748,1049741.000000,1049741.000000,0.000000,1049741.000000,1049741.000000,0.000000,114834713.000000,114834713.000000,0.000000,114834713.000000,114834713.000000,0.000000,114693711.000000,114693711.000000,0.000000,114693711.000000,114693711.000000,0.000000
string_concat,12100,40,765.672425,744.758000,64.776440,676.287000,953.150000,0.084601,0.000000,0.000000,0.000000,0.000000,0.000000,,732.975000,716.500000,59.527838,647.000000,919.000000,0.081214,217822.000000,217822.000000,0.000000,217822.000000,217822.000000,0.000000,2061.000000,2061.000000,0.000000,2061.000000,2061.000000,0.000000,49.450000,49.000000,18.012745,19.000000,89.000000,0.364262,1049741.000000,1049741.000000,0.000000,1049741.000000,1049741.000000,0.000000,146791113.000000,146791113.000000,0.000000,146791113.000000,146791113.000000,0.000000,146636111.000000,146636111.000000,0.000000,146636111.000000,146636111.000000,0.000000
string_concat,13600,40,881.489750,879.000500,25.606642,842.704000,938.378000,0.029049,0.000000,0.000000,0.000000,0.000000,0.000000,,849.650000,848.000000,26.057678,812.000000,909.000000,0.030669,244822.000000,244822.000000,0.000000,244822.000000,244822.000000,0.000000,2436.000000,2436.000000,0.000000,2436.000000,2436.000000,0.000000,50.625000,48.000000,20.984350,21.000000,114.000000,0.414506,1049741.000000,1049741.000000,0.000000,1049741.000000,1049741.000000,0.000000,185380113.000000,185380113.000000,0.000000,185380113.000000,185380113.000000,0.000000,185210111.000000,185210111.000000,0.000000,185210111.000000,185210111.000000,0.000000
string_concat,15400,40,1198.194700,1169.380000,146.073122,997.731000,1533.964000,0.121911,0.000000,0.000000,0.000000,0.000000,0.000000,,1155.850000,1129.500000,141.737488,946.000000,1494.000000,0.122626,277222.000000,277222.000000,0.000000,277222.000000,277222.000000,0.000000,2886.000000,2886.000000,0.000000,2886.000000,2886.000000,0.000000,65.675000,66.500000,27.673358,17.000000,141.000000,0.421368,1049741.000000,1049741.000000,0.000000,1049741.000000,1049741.000000,0.000000,237626913.000000,237626913.000000,0.000000,237626913.000000,237626913.000000,0.000000,237438911.000000,237438911.000000,0.000000,237438911.000000,237438911.000000,0.000000
string_concat,17400,40,1577.370225,1545.673500,120.839756,1443.723000,2075.215000,0.076608,0.000000,0.000000,0.000000,0.000000,0.000000,,1544.500000,1516.500000,119.364986,1411.000000,2048.000000,0.077284,313222.000000,313222.000000,0.000000,313222.000000,313222.000000,0.000000,3427.000000,3427.000000,0.000000,3427.000000,3427.000000,0.000000,76.500000,77.500000,22.379019,34.000000,147.000000,0.292536,1049741.000000,1049741.000000,0.000000,1049741.000000,1049741.000000,0.000000,303278913.000000,303278913.000000,0.000000,303278913.000000,303278913.000000,0.000000,303175368.000000,303175368.000000,0.000000,303175368.000000,303175368.000000,0.000000
string_concat,19600,40,1952.981950,1860.854000,327.152114,1569.550000,2932.966000,0.167514,0.000000,0.000000,0.000000,0.000000,0.000000,,1918.525000,1831.000000,320.389185,1545.000000,2882.000000,0.166998,352822.000000,352822.000000,0.000000,352822.000000,352822.000000,0.000000,4160.000000,4160.000000,0.000000,4160.000000,4160.000000,0.000000,88.025000,80.500000,38.495080,37.000000,185.000000,0.437320,1049741.000000,1049741.000000,0.000000,1049741.000000,1049741.000000,0.000000,384736113.000000,384736113.000000,0.000000,384736113.000000,384736113.000000,0.000000,384584547.000000,384584547.000000,0.000000,384584547.000000,384584547.000000,0.000000
string_concat,22100,40,2568.782050,2493.955500,476.330977,1978.294000,3833.545000,0.185431,0.000000,0.000000,0.000000,0.000000,0.000000,,2535.150000,2466.500000,469.138848,1956.000000,3766.000000,0.185054,397822.000000,397822.000000,0.000000,397822.000000,397822.000000,0.000000,4993.000000,4993.000000,0.000000,4993.000000,4993.000000,0.000000,108.250000,108.000000,38.493922,50.000000,229.000000,0.355602,1049741.000000,1049741.000000,0.000000,1049741.000000,1049741.000000,0.000000,489051113.000000,489051113.000000,0.000000,489051113.000000,489051113.000000,0.000000,488840328.000000,488840328.000000,0.000000,488840328.000000,488840328.000000,0.000000
string_concat,25000,40,2980.579225,3082.011500,297.697903,2415.228000,3491.819000,0.099879,0.000000,0.000000,0.000000,0.000000,0.000000,,2949.225000,3046.000000,296.828578,2388.000000,3443.000000,0.100646,450022.000000,450022.000000,0.000000,450022.000000,450022.000000,0.000000,5960.000000,5960.000000,0.000000,5960.000000,5960.000000,0.000000,103.625000,110.000000,31.998147,45.000000,170.000000,0.308788,1049741.000000,1049741.000000,0.000000,1049741.000000,1049741.000000,0.000000,625716513.000000,625716513.000000,0.000000,625716513.000000,625716513.000000,0.000000,625532547.000000,625532547.000000,0.000000,625532547.000000,625532547.000000,0.000000
