benchmark,n,mean,median,std,min,max,cv,metric
arithmetic,40000,69.2265,55.281499999999994,58.98951201131718,39.772,408.98,0.8521232766544197,wall_ms
arithmetic,49100,65.232875,60.3595,18.681682240712387,46.612,138.844,0.2863844685783416,wall_ms
arithmetic,60400,63.6896,59.702,16.037161221395316,49.916,142.562,0.2518018832179087,wall_ms
arithmetic,74200,72.339025,67.85900000000001,14.657643488650711,56.549,128.844,0.20262428873834987,wall_ms
arithmetic,91100,81.54650000000001,76.816,14.876807334288442,63.012,123.732,0.18243342552149314,wall_ms
arithmetic,112000,99.617175,89.802,25.362474804311955,70.58,164.85,0.2545994182660967,wall_ms
arithmetic,138000,144.949575,141.36,57.79182176100499,86.409,350.175,0.3987029403915464,wall_ms
arithmetic,169000,121.57339999999999,114.31649999999999,26.432789623340835,92.776,221.858,0.21742247583222019,wall_ms
arithmetic,208000,140.79559999999998,130.7255,27.039975964182922,113.07,251.396,0.19205128543919645,wall_ms
arithmetic,255000,145.4529,140.82549999999998,20.525335680817903,124.281,230.752,0.14111327914959346,wall_ms
arithmetic,314000,162.54765,159.981,15.071144877733778,143.881,222.949,0.09271831907587576,wall_ms
arithmetic,385000,188.2235,186.14350000000002,13.977596293849892,170.205,240.292,0.07426063320387673,wall_ms
arithmetic,473000,224.66907500000002,216.282,23.946970780420916,203.997,342.332,0.10658774813765942,wall_ms
arithmetic,581000,254.492725,251.7935,12.534718797511669,243.502,304.192,0.04925374113351047,wall_ms
arithmetic,714000,305.33842500000003,299.0745,17.829726205366498,287.571,362.823,0.05839332604589972,wall_ms
arithmetic,878000,361.24415,357.12,22.54819444991732,341.48,482.539,0.062418158051603945,wall_ms
arithmetic,1080000,427.56319999999994,424.1335,16.909947614287518,412.633,509.291,0.03954958615308221,wall_ms
arithmetic,1320000,542.0712249999999,529.369,46.051348363837995,497.191,748.248,0.08495442340411632,wall_ms
arithmetic,1630000,661.5569499999999,648.8040000000001,46.48312639036964,609.535,798.821,0.07026322736140804,wall_ms
arithmetic,2000000,823.4521000000001,791.0920000000001,69.494533771683,757.428,1040.835,0.08439414238142448,wall_ms
classes,12000,54.329274999999996,50.161500000000004,13.424310868981369,39.644,104.861,0.2470916622572521,wall_ms
classes,14700,61.403875000000006,53.73650000000001,33.402125480648685,44.679,252.296,0.5439742276957062,wall_ms
classes,18100,58.9606,55.8445,9.88541797308359,44.857,91.747,0.16766142089944114,wall_ms
classes,22300,70.075425,61.951,20.696189843676848,47.681,144.987,0.2953416243094758,wall_ms
classes,27300,68.58035,66.2995,10.65667354302289,52.409,94.572,0.15538960566726315,wall_ms
classes,33600,72.8784,69.374,12.242287520448672,59.615,122.936,0.16798238600804452,wall_ms
classes,41300,80.08445,75.4465,14.569428461327629,68.474,145.783,0.18192581033306252,wall_ms
classes,50700,87.643,83.4855,13.832739923633056,74.774,140.614,0.15783051611233134,wall_ms
classes,62300,99.23310000000001,94.142,13.630604057198,83.994,144.868,0.1373594501955295,wall_ms
classes,76600,112.000375,109.9905,12.03104804925413,97.758,154.965,0.10741971220412547,wall_ms
classes,94100,134.37905,130.514,19.389874990604813,112.285,214.781,0.14429239521044993,wall_ms
classes,116000,159.47727500000002,149.5465,27.14891996906209,132.716,264.648,0.17023691914137662,wall_ms
classes,142000,164.30742500000002,160.664,17.10596255004264,147.611,248.762,0.1041094920089134,wall_ms
classes,174000,196.0917,191.428,14.664786059268051,181.224,248.048,0.07478534817775587,wall_ms
classes,214000,226.3209,223.2285,14.307219007666488,210.601,276.019,0.06321651693531834,wall_ms
classes,263000,262.833775,260.3535,13.33038441650002,244.649,321.377,0.05071792777203014,wall_ms
classes,324000,311.233725,306.93600000000004,17.080508439840465,292.808,372.472,0.0548800051788747,wall_ms
classes,397000,366.55735,366.2285,11.118802470912932,348.222,415.608,0.030333050124115458,wall_ms
classes,488000,444.04087499999997,440.6375,15.130648402713556,427.786,492.075,0.03407489998012808,wall_ms
classes,600000,572.809575,544.427,61.65725738799624,514.043,714.802,0.10764006063969206,wall_ms
closures,14000,77.226725,68.166,32.856040388326754,45.319,172.785,0.4254490966479124,wall_ms
closures,17200,62.310275000000004,57.1455,14.635188492277345,43.848,123.808,0.23487600547866855,wall_ms
closures,21100,98.50255,81.93350000000001,41.664128940329604,54.984,220.664,0.4229751304948918,wall_ms
closures,26000,71.62530000000001,62.316,24.045100990665066,49.726,152.716,0.3357068101727331,wall_ms
closures,31900,70.14315,63.073,23.957953363372642,51.896,175.552,0.3415579905289774,wall_ms
closures,39200,69.33869999999999,68.564,10.839541640891246,52.471,101.806,0.156327442552157,wall_ms
closures,48200,79.75059999999999,79.608,13.811945845572433,61.863,122.501,0.17318924052699836,wall_ms
closures,59200,105.17317499999999,103.987,19.515721621413004,67.273,174.099,0.18555797732086157,wall_ms
closures,72700,127.03687500000001,123.7525,22.271951300403924,106.351,247.946,0.17531879070863418,wall_ms
closures,89300,132.390425,126.339,23.318736572283758,113.879,255.854,0.17613612594931816,wall_ms
closures,110000,147.436025,144.608,13.132524385774003,126.663,184.228,0.08907269702756841,wall_ms
closures,135000,171.79245,171.7845,11.609711310596174,151.742,209.537,0.06757986925849287,wall_ms
closures,166000,204.2621,201.48250000000002,14.31070596692542,183.234,250.83,0.07006050543358469,wall_ms
closures,204000,239.44495,234.716,22.246321693017716,213.826,326.344,0.09290787587300428,wall_ms
closures,250000,277.3804,272.2335,24.980698582746882,251.045,369.064,0.09005935020191362,wall_ms
closures,307000,330.31335,321.52200000000005,36.094623864581855,282.738,423.507,0.10927388755126564,wall_ms
closures,377000,377.9782,369.47,24.13416053816771,346.509,442.584,0.0638506679437272,wall_ms
closures,464000,448.90905000000004,440.217,32.370169147906886,412.681,549.396,0.07210852431668928,wall_ms
closures,570000,642.250375,623.117,61.28700327638283,575.149,834.498,0.09542540676038194,wall_ms
closures,700000,791.5797249999999,770.154,119.25806063839097,625.789,1318.13,0.1506583062601698,wall_ms
control_flow,20000,56.419525,53.7645,13.933122294416059,41.401,119.335,0.24695568235315804,wall_ms
control_flow,24600,61.80544999999999,59.202,10.269734523195966,47.402,97.667,0.1661622805625712,wall_ms
control_flow,30200,68.20495,67.518,8.779604462061851,53.712,98.686,0.12872386039520375,wall_ms
control_flow,37100,76.28835000000001,74.958,8.676552808782402,59.994,95.212,0.11373365407408079,wall_ms
control_flow,45600,88.32135,84.4155,15.500067448240344,71.08,147.21,0.17549626956834724,wall_ms
control_flow,56000,104.280375,102.2705,12.493754098394684,82.957,143.862,0.11980925556121833,wall_ms
control_flow,68800,113.88287499999998,108.98949999999999,20.73349051493,93.767,223.073,0.18205977426307515,wall_ms
control_flow,84500,126.409475,121.91499999999999,14.920262428068611,105.998,180.704,0.11803120318369023,wall_ms
control_flow,104000,135.44125,132.5005,11.745199459615566,118.847,169.632,0.0867180379656535,wall_ms
control_flow,128000,158.098325,153.81650000000002,20.796777867277836,136.714,237.7,0.13154331563777058,wall_ms
control_flow,157000,182.6734,179.9425,21.228209650465168,161.95,282.302,0.1162085429540654,wall_ms
control_flow,193000,249.135525,250.1645,33.19792021288229,203.82,341.843,0.1332524545139931,wall_ms
control_flow,237000,271.76265,255.606,41.32024004171719,235.355,418.145,0.15204532352667738,wall_ms
control_flow,291000,304.9479,296.866,30.615068771557233,263.962,372.668,0.10039442400343544,wall_ms
control_flow,357000,336.819375,331.1155,24.82607208074473,303.034,416.336,0.07370737529794635,wall_ms
control_flow,439000,524.3512,516.745,135.71040117295013,369.27,943.562,0.2588158493257003,wall_ms
control_flow,539000,712.7377749999999,462.119,583.9166580324797,392.465,3394.154,0.8192587491696786,wall_ms
control_flow,662000,694.3302249999999,662.6055,293.93719039657117,491.545,2470.637,0.42333918330657605,wall_ms
control_flow,814000,910.255825,828.7294999999999,157.2214834205828,777.764,1325.044,0.17272230410674144,wall_ms
control_flow,1000000,1014.7242249999999,932.2835,498.08176103437285,775.107,3997.619,0.490854311706585,wall_ms
gc_stress,6000,62.93987500000001,60.8935,14.799854320467189,31.895,114.003,0.23514273456163023,wall_ms
gc_stress,7370,80.327125,72.5815,31.71325264365648,52.586,250.462,0.3948012908921673,wall_ms
gc_stress,9060,86.37100000000001,78.191,37.75313972203895,58.388,285.475,0.4371043489370153,wall_ms
gc_stress,11100,89.3824,85.844,19.050723879913797,66.995,162.335,0.21313730532983893,wall_ms
gc_stress,13700,101.58095,97.1305,18.205615657939596,77.388,177.457,0.1792227347542979,wall_ms
gc_stress,16800,118.9721,115.17349999999999,22.771461539752135,86.23,186.64,0.1914016945128491,wall_ms
gc_stress,20600,127.001725,123.236,17.003751987146384,108.02,200.792,0.13388599239220084,wall_ms
gc_stress,25400,154.38625,150.3235,23.832078946459035,112.956,227.566,0.154366589942168,wall_ms
gc_stress,31200,169.1753,162.15550000000002,30.8560739972388,131.064,278.429,0.18239112918516356,wall_ms
gc_stress,38300,192.78765,185.548,25.684172088552103,166.884,285.133,0.13322519408557604,wall_ms
gc_stress,47000,257.950875,235.4405,56.718531453714746,202.199,443.869,0.21988113610281318,wall_ms
gc_stress,57800,258.169425,255.60899999999998,29.202344435114295,215.783,345.63,0.11311310173586317,wall_ms
gc_stress,71000,286.116225,282.2795,32.57078655080071,237.467,440.765,0.11383760760439474,wall_ms
gc_stress,87200,337.738725,332.5135,25.32818311378676,297.69,414.88,0.0749934231373283,wall_ms
gc_stress,107000,389.703975,379.491,27.465211650365248,349.791,486.222,0.07047711445685215,wall_ms
gc_stress,132000,561.616125,560.8455,57.93500964285159,456.331,706.638,0.10315766778037505,wall_ms
gc_stress,162000,705.7171500000001,683.2175,104.35323102575877,564.638,1063.349,0.1478683506922834,wall_ms
gc_stress,199000,750.85495,717.277,134.98817772716248,635.459,1386.567,0.17977930055220714,wall_ms
gc_stress,244000,838.8263499999999,825.704,38.86821668450114,788.832,947.151,0.04633642789654992,wall_ms
gc_stress,300000,1047.772125,1014.5085,78.2946497131312,971.046,1251.645,0.07472488324990627,wall_ms
globals,14000,51.69285,50.419,14.298261623851435,34.851,123.79,0.2766003736271348,wall_ms
globals,17200,51.324374999999996,51.167500000000004,7.260147595757228,40.453,73.613,0.1414561326028272,wall_ms
globals,21100,54.020050000000005,52.6345,9.411635817787822,38.841,81.542,0.17422486313485125,wall_ms
globals,26000,57.43325,58.108,7.694058199475948,42.191,78.137,0.13396522396827532,wall_ms
globals,31900,69.056175,68.3295,9.33710543981542,51.112,89.441,0.13521028988088932,wall_ms
globals,39200,75.1092,72.1565,10.443784516921895,56.11,106.167,0.1390480063284111,wall_ms
globals,48200,93.68730000000001,90.0395,23.855161755251853,68.211,202.594,0.2546253521582098,wall_ms
globals,59200,101.2584,96.0125,20.42091529604403,71.035,177.477,0.20167132105626823,wall_ms
globals,72700,108.646975,107.28,10.038355066207629,90.296,143.928,0.09239424352318718,wall_ms
globals,89300,127.9052,124.46799999999999,16.336121689569104,108.869,182.67,0.12772054372745678,wall_ms
globals,110000,206.48247500000002,197.18,43.26015835052132,155.004,348.636,0.2095100727096637,wall_ms
globals,135000,173.8615,158.423,118.3658992754334,93.704,862.517,0.6808056946214855,wall_ms
globals,166000,185.639075,174.22949999999997,43.738986652693356,121.041,320.125,0.23561303918743054,wall_ms
globals,204000,241.23325,230.291,51.572068806795215,157.49,401.881,0.21378507650498102,wall_ms
globals,250000,334.3541,317.0555,106.32904373418224,243.532,910.879,0.3180132791378429,wall_ms
globals,307000,318.8066,314.28599999999994,44.732846909235825,247.861,459.6,0.14031342798184174,wall_ms
globals,377000,332.236525,321.231,47.19089335008235,243.378,412.422,0.14204005218897095,wall_ms
globals,464000,371.3957,360.4765,37.34203514580813,324.125,493.611,0.10054514671496771,wall_ms
globals,570000,430.63975,421.18449999999996,34.821857913547376,383.692,551.767,0.08086076102716337,wall_ms
globals,700000,555.4691,506.94050000000004,107.21498526619669,418.4,998.35,0.19301701078637262,wall_ms
integrated,8000,78.361675,78.3135,12.232059200162583,54.879,122.465,0.15609746984303977,wall_ms
integrated,9830,90.23179999999999,87.996,7.193704520496038,78.826,104.495,0.0797247147956268,wall_ms
integrated,12100,104.325225,101.62,11.843331232878134,87.183,151.332,0.1135231793928854,wall_ms
integrated,14800,119.462175,114.3335,19.18922623456742,99.734,210.875,0.16063014284284896,wall_ms
integrated,18200,127.93087499999999,126.845,13.304360074200277,105.172,180.386,0.10399647523868087,wall_ms
integrated,22400,145.378375,140.846,17.915025616944263,117.29,211.375,0.12323033337622781,wall_ms
integrated,27500,158.66469999999998,155.68200000000002,16.23346095648248,138.095,225.546,0.10231299688262407,wall_ms
integrated,33800,183.26515,178.03449999999998,21.279673093148823,150.958,232.211,0.11611412804425075,wall_ms
integrated,41500,217.46895,217.77100000000002,21.473583251019413,179.885,275.652,0.09874321484064466,wall_ms
integrated,51000,255.635075,250.851,32.500004756123914,201.045,339.708,0.12713437213623333,wall_ms
integrated,62700,298.28582500000005,296.28,34.69523975986088,230.719,370.025,0.11631541579242284,wall_ms
integrated,77000,334.564475,330.92999999999995,25.649654258665993,296.8,417.387,0.07666580338114497,wall_ms
integrated,94700,400.397925,384.882,50.25933502594957,347.435,559.981,0.12552346525259733,wall_ms
integrated,116000,461.23105000000004,448.23400000000004,38.456271700798574,420.559,585.486,0.08337745626795631,wall_ms
integrated,143000,612.941825,630.2755,73.99609954824112,450.96,819.24,0.12072287536951996,wall_ms
integrated,176000,786.5952500000001,786.3935,85.1193999306344,632.785,1016.292,0.10821245097861243,wall_ms
integrated,216000,924.4797249999999,896.3415,92.62845726880784,729.526,1203.498,0.10019522847708515,wall_ms
integrated,265000,1042.7293,1038.6999999999998,103.79937157539129,873.34,1269.373,0.09954584720635672,wall_ms
integrated,326000,1387.498425,1300.674,288.7274390617798,1047.879,2216.387,0.20809208418509004,wall_ms
integrated,400000,1746.073825,1678.7645,326.1693239543149,1258.472,2513.579,0.1868015654803799,wall_ms
locals,28000,63.067825000000006,61.957,11.636946587987188,42.473,91.067,0.18451479162294224,wall_ms
locals,34400,65.288675,61.8695,24.362467716769597,45.529,194.326,0.3731499791773933,wall_ms
locals,42300,65.108125,65.327,11.332445313296075,47.161,92.928,0.1740557774209605,wall_ms
locals,51900,72.9807,70.2505,10.27164300941288,55.383,99.332,0.1407446490567079,wall_ms
locals,63800,74.805925,74.1175,7.786136135292503,60.591,92.519,0.10408448442142121,wall_ms
locals,78400,85.970075,83.096,7.594013655800677,74.631,107.76,0.08833322124937867,wall_ms
locals,96300,97.2986,96.17949999999999,9.583520459622337,83.756,140.703,0.09849597486112172,wall_ms
locals,118000,116.91512499999999,113.211,21.743394573970253,98.343,239.527,0.18597589126274514,wall_ms
locals,145000,129.075525,125.1045,14.408210711146433,106.156,165.894,0.11162620265264413,wall_ms
locals,179000,142.3727,141.0075,9.091753922916727,126.869,166.714,0.06385882913589984,wall_ms
locals,219000,159.67615,154.8365,19.803737096885627,134.457,234.298,0.12402438997236359,wall_ms
locals,270000,179.615025,179.21949999999998,12.893805583894016,153.317,209.41,0.07178578509172057,wall_ms
locals,331000,211.70235000000002,200.7865,27.942039730209665,176.312,302.062,0.1319873857338365,wall_ms
locals,407000,255.060925,253.8425,24.432933691824697,206.824,307.682,0.09579253933868818,wall_ms
locals,500000,297.366875,289.3315,39.542231252420144,225.726,415.208,0.132974566358207,wall_ms
locals,614000,328.57557499999996,323.6535,27.72209532622457,287.856,408.819,0.08437052975171563,wall_ms
locals,755000,373.191225,365.58050000000003,33.39619303690666,329.439,472.156,0.08948815191704108,wall_ms
locals,927000,430.20154999999994,426.64200000000005,24.224660547964408,398.234,502.853,0.05631002619112928,wall_ms
locals,1140000,593.73455,594.6990000000001,63.970294357234884,481.934,725.069,0.10774224669464642,wall_ms
locals,1400000,933.5977500000001,903.233,275.5363605970437,491.303,1635.003,0.2951339167184622,wall_ms
methods,16000,86.715925,84.049,19.719643349075653,51.608,123.746,0.22740509714998317,wall_ms
methods,19700,92.334875,89.50450000000001,16.35536427987968,68.244,142.252,0.17713095165699505,wall_ms
methods,24200,104.559875,97.957,26.725444009348,79.376,246.868,0.2555994257773166,wall_ms
methods,29700,105.4298,101.02850000000001,21.650232667903577,72.862,188.55,0.20535211740801534,wall_ms
methods,36500,106.62092499999999,103.124,18.88909626645652,79.474,200.478,0.17716124922435744,wall_ms
methods,44800,113.495225,113.2125,10.624426655993709,94.689,145.706,0.09361122158217412,wall_ms
methods,55000,129.713475,128.0955,10.641735143817192,111.462,160.556,0.08204032112945238,wall_ms
methods,67600,146.82237500000002,142.1135,15.837639740443551,120.881,194.332,0.10786938803056106,wall_ms
methods,83100,173.073925,167.356,55.90240567842547,123.49,499.505,0.3229972722836526,wall_ms
methods,102000,197.706375,195.2245,17.033808986816748,168.089,251.78,0.08615710538831511,wall_ms
methods,125000,238.93365,235.33350000000002,31.907343966594333,206.327,406.303,0.13354060412417562,wall_ms
methods,154000,251.93897499999997,245.724,37.487055441392364,188.061,342.807,0.14879418891575774,wall_ms
methods,189000,317.821875,320.2885,24.325108395876754,270.939,368.434,0.07653692306697503,wall_ms
methods,233000,339.21612500000003,336.7845,40.79368532467482,263.791,433.538,0.12025868559366043,wall_ms
methods,286000,398.027025,373.746,56.758469505796086,341.546,585.552,0.14259953706861006,wall_ms
methods,351000,440.6607,437.89,27.84851622452608,396.24,517.34,0.0631971860084779,wall_ms
methods,431000,536.7387,520.7845,47.07143750818728,474.153,670.0,0.08769898184756807,wall_ms
methods,530000,625.560875,617.413,35.01236423673092,575.62,750.649,0.05596955569948475,wall_ms
methods,651000,751.167775,744.1855,40.630381144193535,673.412,833.087,0.05408962218086836,wall_ms
methods,800000,921.4066,872.3299999999999,101.54153678372217,815.378,1220.949,0.11020274521988681,wall_ms
properties,16000,61.467949999999995,56.117999999999995,22.8998663728606,42.539,187.392,0.37254970066287557,wall_ms
properties,19700,67.8905,66.8605,11.261501726155577,51.515,106.576,0.16587743095360288,wall_ms
properties,24200,76.01435000000001,75.9255,11.781053101571663,58.441,107.204,0.154984593061332,wall_ms
properties,29700,84.727925,82.422,14.83728436239735,66.142,159.636,0.17511681493908118,wall_ms
properties,36500,97.8425,96.26249999999999,10.82437973351751,80.689,118.294,0.11063065368850458,wall_ms
properties,44800,113.12497499999999,112.78450000000001,8.828565625250741,96.716,138.348,0.07804258630997038,wall_ms
properties,55000,132.3249,131.165,10.296678002500599,108.113,153.865,0.07781360879547687,wall_ms
properties,67600,144.826275,142.852,12.978336128565388,119.041,182.205,0.08961313220660676,wall_ms
properties,83100,160.15765,157.01749999999998,14.850432100335224,133.69,199.443,0.09272383866980581,wall_ms
properties,102000,181.61677500000002,179.0885,13.224764808121478,160.918,226.534,0.07281686842045001,wall_ms
properties,125000,207.82154999999997,205.0075,18.984963159070972,182.064,288.818,0.09135223541096182,wall_ms
properties,154000,239.555275,241.4145,22.32974639467813,195.775,287.508,0.09321333623180758,wall_ms
properties,189000,284.9882,281.996,24.971548866249496,238.649,343.156,0.08762309760982909,wall_ms
properties,233000,328.431275,325.0775,36.772214521563306,258.921,419.291,0.11196319388755929,wall_ms
properties,286000,383.299975,368.9635,43.85511893197669,316.36,499.314,0.11441461464216555,wall_ms
properties,351000,428.99385,420.375,31.449080635985506,384.947,518.525,0.073308931202593,wall_ms
properties,431000,512.20745,500.65599999999995,32.14788722247904,464.139,596.575,0.06276341201690651,wall_ms
properties,530000,642.231325,620.3485000000001,70.54981269828764,519.894,823.898,0.10985109251450424,wall_ms
properties,651000,763.522625,754.9955,66.85251640611692,668.084,939.58,0.0875580031516642,wall_ms
properties,800000,972.3868249999999,919.6800000000001,136.86223814851147,808.717,1322.501,0.14074875824084873,wall_ms
recursion,12,37.039425,34.3495,9.31656946021717,21.874,62.498,0.25153115795445447,wall_ms
recursion,13,41.706025,35.326,20.508873412266812,24.228,153.15,0.49174845630258013,wall_ms
recursion,14,36.558800000000005,36.009,8.48857482586794,24.186,69.445,0.23218964588192004,wall_ms
recursion,15,38.49445,38.534000000000006,8.547052150243049,25.195,60.913,0.22203336195849138,wall_ms
recursion,16,39.95755,36.402,12.451890215792696,25.175,77.011,0.311627970578594,wall_ms
recursion,17,39.04875,38.0055,10.867059040619393,23.613,70.569,0.2782946711641062,wall_ms
recursion,18,41.099025,41.3245,8.502225930224965,27.652,61.594,0.20687171849514593,wall_ms
recursion,19,42.141525,41.948,9.999702862220074,27.082,74.848,0.2372885855986482,wall_ms
recursion,20,42.49405,41.301500000000004,7.9247228341081986,29.548,62.263,0.18649017530944212,wall_ms
recursion,21,49.128675,50.206,7.952580330767348,34.741,69.906,0.16187247734174284,wall_ms
recursion,22,58.884225,55.491,13.714576474363101,41.74,103.577,0.23290748030330874,wall_ms
recursion,23,89.27125,86.561,22.812838353233683,57.223,149.458,0.2555451878766533,wall_ms
recursion,24,104.51117500000001,91.986,78.58458907180196,63.789,583.734,0.7519252278218281,wall_ms
recursion,25,133.929775,131.44150000000002,28.117138688440537,87.45,243.757,0.2099394155514749,wall_ms
recursion,26,208.214275,192.0465,47.53799804528169,164.123,432.523,0.22831286685450214,wall_ms
recursion,27,260.8053,258.552,17.412251013111124,224.378,306.929,0.06676340938282743,wall_ms
recursion,28,382.706475,379.4085,44.02061533021366,324.924,509.03,0.11502448535842948,wall_ms
recursion,29,571.882625,560.292,53.68804699213903,455.294,680.674,0.09387948618326887,wall_ms
recursion,30,850.4114999999999,830.8175,85.80605498239052,703.612,1056.54,0.10089945277361669,wall_ms
recursion,31,1273.2222,1248.181,85.8309441767168,1156.422,1497.172,0.0674123842458267,wall_ms
string_concat,2500,108.063025,102.50399999999999,27.253513026423036,72.646,218.343,0.2522001676930943,wall_ms
string_concat,2820,113.33085000000001,110.4305,15.347150437166691,94.609,159.322,0.13541900053839434,wall_ms
string_concat,3190,129.57965,126.7655,17.29857197982034,105.472,194.792,0.1334975976538009,wall_ms
string_concat,3600,148.81285,146.20499999999998,16.85990292965637,126.095,228.676,0.11329601529475695,wall_ms
string_concat,4060,164.90895,164.05450000000002,10.43310681399878,149.424,193.121,0.06326586164061307,wall_ms
string_concat,4580,196.6617,191.775,19.800726647116925,173.625,293.252,0.10068420362031308,wall_ms
string_concat,5170,248.38127500000002,242.4795,35.97516699698415,203.51,403.784,0.1448384826794377,wall_ms
string_concat,5840,275.453625,275.1465,19.582827709811976,238.03,322.911,0.07109301142728464,wall_ms
string_concat,6590,323.06032500000003,323.81550000000004,33.027933794559736,239.581,388.989,0.10223457118901781,wall_ms
string_concat,7440,361.44899999999996,349.736,32.149719795405325,307.914,434.371,0.0889467664743998,wall_ms
string_concat,8400,423.029,415.74350000000004,33.410364313933236,379.155,521.305,0.078978898169944,wall_ms
string_concat,9480,526.307475,506.33950000000004,55.81730760026811,459.239,649.712,0.10605455983741845,wall_ms
string_concat,10700,627.67525,608.9505,57.51061430181213,573.32,817.232,0.09162479212269742,wall_ms
string_concat,12100,765.672425,744.758,64.77644011398274,676.287,953.15,0.08460072218740639,wall_ms
string_concat,13600,881.48975,879.0005,25.606641652218457,842.704,938.378,0.029049278964637375,wall_ms
string_concat,15400,1198.1947,1169.38,146.07312183658968,997.731,1533.964,0.12191100648049076,wall_ms
string_concat,17400,1577.3702250000001,1545.6734999999999,120.83975588345798,1443.723,2075.215,0.07660836623403233,wall_ms
string_concat,19600,1952.98195,1860.854,327.15211437377,1569.55,2932.966,0.1675141515638534,wall_ms
string_concat,22100,2568.7820500000003,2493.9555,476.3309774488556,1978.294,3833.545,0.18543067032442692,wall_ms
string_concat,25000,2980.579225,3082.0115,297.6979034098836,2415.228,3491.819,0.09987921170251182,wall_ms
arithmetic,40000,16.7,17.5,4.237803010874192,8.0,25.0,0.25376065933378394,exec_ms
arithmetic,49100,21.65,22.0,3.984263918763286,10.0,28.0,0.18403066599368526,exec_ms
arithmetic,60400,26.45,26.5,4.18146091511273,16.0,37.0,0.15808925955057582,exec_ms
arithmetic,74200,32.4,33.0,3.927548984499242,19.0,40.0,0.12122064766972969,exec_ms
arithmetic,91100,40.3,39.0,5.4687925822518,31.0,65.0,0.1357020491873896,exec_ms
arithmetic,112000,50.5,48.0,7.009151526982788,41.0,72.0,0.13879507974223343,exec_ms
arithmetic,138000,71.225,70.0,14.991429175297087,48.0,109.0,0.2104798761010472,exec_ms
arithmetic,169000,71.975,71.5,8.492794834597385,54.0,94.0,0.11799645480510434,exec_ms
arithmetic,208000,92.55,88.5,17.942858017778374,75.0,176.0,0.19387204773396408,exec_ms
arithmetic,255000,103.8,103.0,8.153023664371084,87.0,126.0,0.07854550736388327,exec_ms
arithmetic,314000,124.425,124.0,10.455982216060052,108.0,172.0,0.08403441604227488,exec_ms
arithmetic,385000,151.025,148.5,14.555794510989566,127.0,207.0,0.096380033179868,exec_ms
arithmetic,473000,186.175,182.0,17.391255539229174,165.0,271.0,0.09341348483539236,exec_ms
arithmetic,581000,218.525,215.5,13.266475001836731,205.0,273.0,0.06070918660032825,exec_ms
arithmetic,714000,266.1,265.0,11.222230684603739,247.0,303.0,0.042172982655406754,exec_ms
arithmetic,878000,324.8,320.5,13.527180614770211,305.0,363.0,0.04164772356764227,exec_ms
arithmetic,1080000,391.95,391.5,9.527154174603575,374.0,426.0,0.02430706512209102,exec_ms
arithmetic,1320000,492.925,484.0,26.68754391097091,460.0,562.0,0.05414118559815572,exec_ms
arithmetic,1630000,619.6,602.0,39.15046582556807,578.0,736.0,0.06318667822073606,exec_ms
arithmetic,2000000,776.825,749.0,57.520514735045744,713.0,942.0,0.07404565344195377,exec_ms
classes,12000,13.175,14.5,5.909086874662422,0.0,24.0,0.4485075426688745,exec_ms
classes,14700,15.275,16.0,3.637324319486538,6.0,22.0,0.23812270504003522,exec_ms
classes,18100,18.325,19.0,5.663139928180642,5.0,28.0,0.30903901381613325,exec_ms
classes,22300,25.125,25.0,5.174828127952286,16.0,35.0,0.20596330857521536,exec_ms
classes,27300,31.375,30.0,7.0116661028932015,24.0,64.0,0.22347939770177536,exec_ms
classes,33600,36.275,35.0,7.299411637687676,22.0,69.0,0.20122430427808893,exec_ms
classes,41300,41.85,42.0,4.643992535164831,23.0,53.0,0.11096756356427313,exec_ms
classes,50700,48.3,48.0,6.077280093375106,34.0,64.0,0.12582360441770407,exec_ms
classes,62300,59.05,58.0,11.4196187461619,45.0,114.0,0.19338897114584083,exec_ms
classes,76600,71.675,70.5,10.036823228134512,60.0,122.0,0.1400324133677644,exec_ms
classes,94100,88.5,85.5,10.798860338729483,72.0,121.0,0.12202102077660433,exec_ms
classes,116000,111.325,108.0,13.642669676329332,94.0,161.0,0.12254812195220599,exec_ms
classes,142000,126.2,125.0,9.263105753748482,111.0,165.0,0.07340020407090714,exec_ms
classes,174000,161.525,160.0,15.273552640312944,140.0,221.0,0.09455844383416155,exec_ms
classes,214000,190.275,188.0,12.359959131954676,174.0,238.0,0.0649583977503859,exec_ms
classes,263000,228.975,227.5,12.181296086992317,215.0,293.0,0.05319924047163366,exec_ms
classes,324000,276.0,274.0,15.148834261657866,256.0,331.0,0.054887080658180674,exec_ms
classes,397000,332.375,332.0,11.840147911411512,316.0,384.0,0.035622859455168146,exec_ms
classes,488000,406.675,404.0,13.238226506055897,390.0,461.0,0.032552348942167325,exec_ms
classes,600000,535.85,509.5,55.40459575494826,472.0,668.0,0.10339571849388496,exec_ms
closures,14000,15.15,15.0,5.677440737985148,0.0,29.0,0.3747485635633761,exec_ms
closures,17200,14.725,15.0,4.981954615898442,1.0,24.0,0.3383330808759553,exec_ms
closures,21100,26.025,25.0,7.754196547841955,8.0,46.0,0.29795183661256314,exec_ms
closures,26000,27.75,25.5,8.675784158750766,11.0,68.0,0.3126408705856132,exec_ms
closures,31900,38.175,37.0,6.838381499920981,26.0,65.0,0.1791324557936079,exec_ms
closures,39200,43.35,43.0,5.881522565824914,29.0,62.0,0.1356752610340234,exec_ms
closures,48200,52.975,51.0,6.466828573178031,40.0,67.0,0.1220732151614541,exec_ms
closures,59200,73.75,74.5,11.674539468213371,53.0,107.0,0.15829884024696098,exec_ms
closures,72700,89.7,88.0,8.36108200579879,69.0,107.0,0.09321161656408908,exec_ms
closures,89300,100.475,96.5,19.32447299178574,81.0,210.0,0.19233115692247565,exec_ms
closures,110000,117.7,117.0,10.06950206290618,96.0,146.0,0.08555226901364639,exec_ms
closures,135000,144.375,143.0,9.09405976871292,128.0,174.0,0.06298915857117174,exec_ms
closures,166000,175.65,174.5,12.609621885788815,154.0,217.0,0.0717883397995378,exec_ms
closures,204000,211.3,207.0,16.4958425220666,184.0,257.0,0.07806835079066067,exec_ms
closures,250000,246.875,244.0,21.256899332470134,220.0,350.0,0.08610389603025877,exec_ms
closures,307000,302.25,297.0,30.05017172185244,264.0,385.0,0.09942157724351511,exec_ms
closures,377000,354.425,348.0,21.041945288838228,325.0,409.0,0.05936924677671786,exec_ms
closures,464000,424.9,415.5,32.53778868189559,379.0,534.0,0.07657752102117109,exec_ms
closures,570000,613.425,596.0,59.131269657280775,541.0,797.0,0.09639527188699643,exec_ms
closures,700000,756.45,733.5,111.57473061952922,609.0,1246.0,0.1474978261874932,exec_ms
control_flow,20000,22.175,22.5,4.567934504896675,11.0,31.0,0.20599479165261217,exec_ms
control_flow,24600,28.925,29.0,6.572621925408382,14.0,45.0,0.22722979863123186,exec_ms
control_flow,30200,35.6,35.0,4.482444388088679,27.0,45.0,0.1259113592159741,exec_ms
control_flow,37100,44.475,44.0,3.85631350465102,37.0,54.0,0.08670744248793749,exec_ms
control_flow,45600,55.6,54.0,8.09811627352233,45.0,95.0,0.14564957326479008,exec_ms
control_flow,56000,69.95,67.5,9.204096078126552,59.0,117.0,0.13158107331131597,exec_ms
control_flow,68800,78.825,77.0,10.073798204074285,59.0,121.0,0.1277995331947261,exec_ms
control_flow,84500,92.5,91.0,10.628939691914661,78.0,128.0,0.11490745612880715,exec_ms
control_flow,104000,104.75,105.0,7.008236912047466,90.0,120.0,0.06690440966155099,exec_ms
control_flow,128000,131.875,126.5,19.896124477665733,111.0,216.0,0.1508710860865648,exec_ms
control_flow,157000,153.025,151.0,9.775656578381914,133.0,181.0,0.0638827418943435,exec_ms
control_flow,193000,215.2,214.0,28.873019967632104,170.0,298.0,0.13416830839977745,exec_ms
control_flow,237000,240.0,225.5,39.4890442450133,195.0,386.0,0.16453768435422206,exec_ms
control_flow,291000,276.0,269.0,25.431658042078798,243.0,339.0,0.09214368855825651,exec_ms
control_flow,357000,311.825,308.0,22.433820050345467,282.0,389.0,0.07194362238545808,exec_ms
control_flow,439000,490.825,486.0,129.58293799923203,344.0,843.0,0.2640104680878766,exec_ms
control_flow,539000,449.425,421.0,79.01213392696276,375.0,701.0,0.17580716232288537,exec_ms
control_flow,662000,616.475,626.5,58.84921518767374,483.0,757.0,0.095460830021775,exec_ms
control_flow,814000,866.55,789.5,148.13956517160008,721.0,1250.0,0.17095328044729108,exec_ms
control_flow,1000000,865.8,872.5,82.97024489816535,736.0,1048.0,0.09583072868810967,exec_ms
gc_stress,6000,25.675,25.5,9.081927672934322,6.0,50.0,0.35372649164301156,exec_ms
gc_stress,7370,36.975,36.0,9.225070356204503,21.0,65.0,0.24949480341323874,exec_ms
gc_stress,9060,40.675,40.5,9.354520366221417,23.0,65.0,0.2299820618616206,exec_ms
gc_stress,11100,50.475,50.5,10.37498841519279,33.0,89.0,0.2055470711281385,exec_ms
gc_stress,13700,63.525,61.5,14.416848227699173,46.0,137.0,0.2269476305029386,exec_ms
gc_stress,16800,73.85,69.5,15.577021208934324,53.0,120.0,0.210927843045827,exec_ms
gc_stress,20600,85.525,82.5,13.705674475213279,68.0,151.0,0.16025342853216343,exec_ms
gc_stress,25400,106.675,103.0,16.678540642056117,82.0,140.0,0.15634910374554598,exec_ms
gc_stress,31200,126.925,119.0,26.776747949839443,99.0,226.0,0.21096512073932988,exec_ms
gc_stress,38300,143.675,137.5,21.44807384813079,122.0,245.0,0.14928187818431035,exec_ms
gc_stress,47000,199.1,182.0,45.385415029895874,152.0,346.0,0.22795286303312845,exec_ms
gc_stress,57800,208.8,202.5,26.337260336855124,166.0,291.0,0.12613630429528316,exec_ms
gc_stress,71000,231.325,229.5,21.813178209278526,180.0,287.0,0.09429667441598845,exec_ms
gc_stress,87200,282.975,276.5,21.827396922451747,251.0,356.0,0.07713542511688928,exec_ms
gc_stress,107000,332.8,323.0,24.862906156845426,297.0,431.0,0.07470825167321342,exec_ms
gc_stress,132000,491.55,489.0,53.43961365590425,405.0,630.0,0.1087165367834488,exec_ms
gc_stress,162000,605.075,591.5,80.55333875523337,482.0,802.0,0.13312951081309485,exec_ms
gc_stress,199000,632.45,617.0,67.56229793726752,546.0,867.0,0.10682630711877225,exec_ms
gc_stress,244000,736.775,732.0,30.508080056239983,681.0,837.0,0.04140759398220621,exec_ms
gc_stress,300000,937.55,912.5,61.757154677382545,874.0,1126.0,0.06587078521399664,exec_ms
globals,14000,13.45,13.0,3.3813212407775355,4.0,20.0,0.2513993487566941,exec_ms
globals,17200,15.25,16.0,3.739943781285955,2.0,21.0,0.24524221516629213,exec_ms
globals,21100,18.575,17.5,4.744159702418467,10.0,38.0,0.25540563673854466,exec_ms
globals,26000,24.175,24.0,4.390476289798414,15.0,34.0,0.18161225604129944,exec_ms
globals,31900,32.1,32.0,5.217328130423925,20.0,44.0,0.16253358661756775,exec_ms
globals,39200,41.075,40.0,5.464981760356172,31.0,52.0,0.1330488560038021,exec_ms
globals,48200,52.45,50.5,8.944128571159728,39.0,72.0,0.17052676017463733,exec_ms
globals,59200,62.325,61.0,13.035233319442643,40.0,98.0,0.20914935129470746,exec_ms
globals,72700,73.5,72.5,6.401121696574669,60.0,86.0,0.08709009110985944,exec_ms
globals,89300,91.2,89.0,14.747794272278,75.0,159.0,0.16170827052936404,exec_ms
globals,110000,155.95,159.5,22.547897735879786,103.0,229.0,0.1445841470720089,exec_ms
globals,135000,118.7,120.5,37.94408842170076,63.0,206.0,0.319663760924185,exec_ms
globals,166000,145.725,131.5,35.05672143753203,104.0,235.0,0.24056765440063158,exec_ms
globals,204000,201.025,196.0,44.53606288656304,133.0,313.0,0.22154489683652798,exec_ms
globals,250000,276.0,268.5,44.380637958923316,203.0,445.0,0.1607994128946497,exec_ms
globals,307000,280.425,274.5,40.599284760657085,223.0,425.0,0.1447776937172402,exec_ms
globals,377000,300.825,286.5,44.99566218408854,213.0,384.0,0.1495742115319157,exec_ms
globals,464000,340.275,334.0,31.735273184621633,296.0,440.0,0.09326360498015321,exec_ms
globals,570000,403.425,394.5,33.94255139013263,365.0,520.0,0.08413596428117402,exec_ms
globals,700000,520.075,473.5,103.564519095029,385.0,932.0,0.1991338154978205,exec_ms
integrated,8000,43.375,44.0,6.487413850028257,31.0,60.0,0.14956573717644395,exec_ms
integrated,9830,55.0,55.0,6.543738443773013,43.0,70.0,0.11897706261405479,exec_ms
integrated,12100,66.75,66.0,9.355513937012816,53.0,99.0,0.140157512164986,exec_ms
integrated,14800,81.95,78.0,16.478346319819163,65.0,169.0,0.20107805149260724,exec_ms
integrated,18200,90.8,88.5,13.201010062365176,70.0,135.0,0.14538557337406582,exec_ms
integrated,22400,110.65,107.0,14.729266174907773,92.0,167.0,0.1331158262531204,exec_ms
integrated,27500,128.475,125.5,16.405107866227645,101.0,185.0,0.12769105169276238,exec_ms
integrated,33800,151.675,148.0,18.204518317700337,125.0,198.0,0.12002319642459428,exec_ms
integrated,41500,185.725,181.0,23.23457580461741,148.0,255.0,0.12510203690734908,exec_ms
integrated,51000,220.05,217.5,27.381399263752492,171.0,291.0,0.1244326256021472,exec_ms
integrated,62700,263.5,261.0,31.1118742275151,204.0,336.0,0.11807162894692637,exec_ms
integrated,77000,303.4,301.0,26.06481074119586,255.0,393.0,0.0859090663849567,exec_ms
integrated,94700,369.625,355.0,47.341469596852846,321.0,525.0,0.12807972836483691,exec_ms
integrated,116000,426.25,416.5,33.512913699279935,385.0,544.0,0.07862267143526085,exec_ms
integrated,143000,575.225,595.5,73.54659695102775,409.0,782.0,0.12785709409540222,exec_ms
integrated,176000,738.675,747.5,81.06926051223117,531.0,889.0,0.10974956579311763,exec_ms
integrated,216000,892.3,866.5,90.94692732436644,712.0,1172.0,0.10192415927868032,exec_ms
integrated,265000,1010.475,1011.5,103.29841945324446,835.0,1239.0,0.10222758549518242,exec_ms
integrated,326000,1351.35,1264.0,278.65322167295676,1029.0,2122.0,0.20620359024157825,exec_ms
integrated,400000,1689.9,1629.5,330.6284458886882,1153.0,2461.0,0.19564971056789643,exec_ms
locals,28000,19.9,20.0,3.160655563288033,12.0,29.0,0.15882691272804186,exec_ms
locals,34400,22.525,22.0,2.9087621827673416,18.0,30.0,0.12913483608290086,exec_ms
locals,42300,27.025,27.0,5.1365333016514505,14.0,38.0,0.19006598711013695,exec_ms
locals,51900,36.5,36.0,5.252593986759646,25.0,51.0,0.1439066845687574,exec_ms
locals,63800,42.375,43.0,4.192101853332998,34.0,55.0,0.09892865730579346,exec_ms
locals,78400,54.15,54.0,6.415326200312053,42.0,77.0,0.1184732446964368,exec_ms
locals,96300,65.775,65.0,8.272560450686138,54.0,105.0,0.12577058837987284,exec_ms
locals,118000,77.1,75.0,8.535897050781395,63.0,109.0,0.11071202400494677,exec_ms
locals,145000,91.875,89.0,10.385363220935954,75.0,120.0,0.11303796703059542,exec_ms
locals,179000,106.35,106.5,9.051278419408002,83.0,126.0,0.08510840074666669,exec_ms
locals,219000,128.125,126.0,17.227270420871843,105.0,194.0,0.13445674474826805,exec_ms
locals,270000,148.925,147.0,13.40376430096775,127.0,178.0,0.09000345342264729,exec_ms
locals,331000,182.825,176.5,26.93856971818546,149.0,266.0,0.14734620384622157,exec_ms
locals,407000,219.25,215.5,24.457970228379704,178.0,271.0,0.11155288587630424,exec_ms
locals,500000,262.0,258.5,37.524692724958626,193.0,375.0,0.14322401803419324,exec_ms
locals,614000,297.775,294.5,27.01802579665505,251.0,377.0,0.09073302257293275,exec_ms
locals,755000,341.325,334.0,30.21409715127471,305.0,430.0,0.08852002388127067,exec_ms
locals,927000,401.625,397.5,21.854633376014345,373.0,467.0,0.054415520388457754,exec_ms
locals,1140000,561.35,561.5,61.97044374083423,462.0,694.0,0.11039537497253803,exec_ms
locals,1400000,860.425,859.0,266.689571532339,386.0,1413.0,0.309950979495411,exec_ms
methods,16000,35.1,34.0,10.195021409416537,22.0,67.0,0.29045645041072754,exec_ms
methods,19700,41.5,40.0,6.147753394116568,34.0,59.0,0.14813863600280885,exec_ms
methods,24200,52.05,51.0,8.424475940484063,38.0,73.0,0.16185352431285424,exec_ms
methods,29700,60.725,61.0,9.494904166351823,46.0,94.0,0.15635906408154504,exec_ms
methods,36500,70.05,67.0,17.859781490034948,51.0,168.0,0.2549576229840821,exec_ms
methods,44800,76.65,76.0,9.039939868191205,63.0,102.0,0.11793789782376,exec_ms
methods,55000,90.925,90.0,8.36472293286453,79.0,126.0,0.09199585298723706,exec_ms
methods,67600,107.65,107.5,9.944847912361451,92.0,145.0,0.09238130898617233,exec_ms
methods,83100,131.0,132.0,18.48353390564222,85.0,183.0,0.14109567866902456,exec_ms
methods,102000,159.325,156.0,14.383729233639894,133.0,217.0,0.09027917297122169,exec_ms
methods,125000,198.775,198.0,16.715550107149202,149.0,249.0,0.08409281905244222,exec_ms
methods,154000,208.75,209.0,30.345658245603676,145.0,286.0,0.14536842273343079,exec_ms
methods,189000,280.3,281.5,23.069793770542994,236.0,325.0,0.08230393781856223,exec_ms
methods,233000,306.125,300.5,37.831060024325275,239.0,393.0,0.12358043290918833,exec_ms
methods,286000,362.275,342.0,51.30401468771155,314.0,530.0,0.141616216100232,exec_ms
methods,351000,406.7,402.0,26.43540749129413,358.0,492.0,0.06499977253822013,exec_ms
methods,431000,504.1,489.5,45.46218490581218,452.0,639.0,0.09018485400875259,exec_ms
methods,530000,595.45,591.5,32.34109079555225,539.0,727.0,0.05431369686044545,exec_ms
methods,651000,719.525,714.0,39.02398177846738,643.0,796.0,0.054235755225276926,exec_ms
methods,800000,882.725,843.5,95.6591136569905,768.0,1175.0,0.10836796698517714,exec_ms
properties,16000,23.275,23.0,6.214076245890743,10.0,35.0,0.26698501593515545,exec_ms
properties,19700,32.275,32.0,4.420160688574627,23.0,49.0,0.13695308097829983,exec_ms
properties,24200,40.275,40.0,6.025533277814609,27.0,58.0,0.1496097648122808,exec_ms
properties,29700,50.775,50.0,9.417625319934249,31.0,93.0,0.18547760354375675,exec_ms
properties,36500,61.275,62.0,7.496965197964255,45.0,79.0,0.12234949323483077,exec_ms
properties,44800,81.625,81.0,6.399869790342095,69.0,107.0,0.07840575547126609,exec_ms
properties,55000,94.85,93.5,9.649099865019949,78.0,114.0,0.10173009873505481,exec_ms
properties,67600,106.4,105.0,8.943698540857893,94.0,130.0,0.08405731711332606,exec_ms
properties,83100,127.025,125.0,11.472346908533737,109.0,165.0,0.0903156615511414,exec_ms
properties,102000,152.1,154.5,12.947230176017154,131.0,192.0,0.08512314382654276,exec_ms
properties,125000,179.65,178.0,15.665657359741417,157.0,246.0,0.08720098725155255,exec_ms
properties,154000,208.975,208.5,21.43384275823202,166.0,255.0,0.10256654029540387,exec_ms
properties,189000,249.375,245.5,23.422197996224845,211.0,306.0,0.0939236009873678,exec_ms
properties,233000,297.75,292.5,34.918035895067625,236.0,373.0,0.11727300048721284,exec_ms
properties,286000,349.0,336.0,38.10579066298562,292.0,450.0,0.10918564659881266,exec_ms
properties,351000,398.575,394.0,29.518258148179477,350.0,485.0,0.07405948227605715,exec_ms
properties,431000,481.925,471.5,31.389519318984856,436.0,570.0,0.06513361896350024,exec_ms
properties,530000,611.0,587.5,67.69994129452441,493.0,788.0,0.11080186791247858,exec_ms
properties,651000,721.325,718.0,58.26217821414175,617.0,869.0,0.0807710507942214,exec_ms
properties,800000,926.4,891.0,119.38298637535185,759.0,1166.0,0.12886764505111384,exec_ms
recursion,12,0.075,0.0,0.34990841292529307,0.0,2.0,4.665445505670575,exec_ms
recursion,13,0.225,0.0,0.6196566460342041,0.0,2.0,2.754029537929796,exec_ms
recursion,14,0.475,0.0,0.905467721606792,0.0,3.0,1.9062478349616674,exec_ms
recursion,15,1.0,0.0,1.2810252304406968,0.0,5.0,1.2810252304406968,exec_ms
recursion,16,1.275,1.0,1.3006408676751113,0.0,5.0,1.0201104844510678,exec_ms
recursion,17,1.925,2.0,1.6233472857821922,0.0,7.0,0.8432972913154245,exec_ms
recursion,18,3.225,3.0,1.5104337974271684,0.0,6.0,0.46835156509369563,exec_ms
recursion,19,5.1,5.0,2.907108881910351,0.0,12.0,0.5700213493941865,exec_ms
recursion,20,7.975,8.0,2.081512024392919,1.0,12.0,0.2610046425571058,exec_ms
recursion,21,12.425,13.0,3.572598709407696,4.0,20.0,0.287533095324563,exec_ms
recursion,22,23.575,21.5,5.271537021031206,16.0,38.0,0.22360708466728338,exec_ms
recursion,23,46.05,42.0,13.87665444051766,26.0,81.0,0.3013388586431631,exec_ms
recursion,24,58.0,60.0,9.443489142233773,31.0,74.0,0.16281877831437538,exec_ms
recursion,25,90.25,91.5,13.52632760439945,55.0,113.0,0.14987620614293018,exec_ms
recursion,26,169.05,155.0,39.43898240742698,129.0,347.0,0.2332977368082045,exec_ms
recursion,27,225.625,225.5,16.14467841196105,195.0,264.0,0.07155536138265285,exec_ms
recursion,28,337.925,336.0,34.645003709788824,286.0,466.0,0.10252276010886682,exec_ms
recursion,29,532.925,523.0,52.65874047789168,416.0,640.0,0.09881079040745262,exec_ms
recursion,30,814.35,793.5,83.93817932691861,670.0,1013.0,0.10307383720380502,exec_ms
recursion,31,1238.425,1215.0,87.74902658529417,1049.0,1455.0,0.07085534173267996,exec_ms
string_concat,2500,63.225,60.0,16.02480049077775,40.0,126.0,0.2534567100162554,exec_ms
string_concat,2820,76.475,73.0,14.0383860201692,63.0,126.0,0.1835683036308493,exec_ms
string_concat,3190,90.975,87.0,14.294498672835376,74.0,161.0,0.1571255693634007,exec_ms
string_concat,3600,110.75,109.5,14.167043735555,97.0,185.0,0.127919130795079,exec_ms
string_concat,4060,128.075,127.5,7.6170776413839825,108.0,146.0,0.05947357127764188,exec_ms
string_concat,4580,161.975,161.0,11.12974185891811,144.0,206.0,0.06871271405413248,exec_ms
string_concat,5170,211.025,208.5,27.28528061907259,173.0,319.0,0.1292988063929515,exec_ms
string_concat,5840,241.025,242.5,18.478660596371626,199.0,289.0,0.07666698722693341,exec_ms
string_concat,6590,289.35,291.5,31.400269474590864,214.0,355.0,0.10852002583235135,exec_ms
string_concat,7440,330.65,322.5,29.291243112522924,285.0,405.0,0.08858685350831068,exec_ms
string_concat,8400,393.8,385.5,31.695830025819504,352.0,486.0,0.08048712550995303,exec_ms
string_concat,9480,496.025,476.0,53.91088920022538,421.0,629.0,0.10868583075495263,exec_ms
string_concat,10700,595.55,582.0,46.951666364027766,535.0,724.0,0.07883748864751536,exec_ms
string_concat,12100,732.975,716.5,59.527837702527556,647.0,919.0,0.08121400825748157,exec_ms
string_concat,13600,849.65,848.0,26.057677642156886,812.0,909.0,0.03066871964003635,exec_ms
string_concat,15400,1155.85,1129.5,141.7374875769124,946.0,1494.0,0.12262619507454463,exec_ms
string_concat,17400,1544.5,1516.5,119.3649864910142,1411.0,2048.0,0.07728390190418531,exec_ms
string_concat,19600,1918.525,1831.0,320.3891854108142,1545.0,2882.0,0.16699765987454643,exec_ms
string_concat,22100,2535.15,2466.5,469.13884828945777,1956.0,3766.0,0.1850536845115507,exec_ms
string_concat,25000,2949.225,3046.0,296.8285776120276,2388.0,3443.0,0.10064629779417561,exec_ms
arithmetic,40000,1120020.0,1120020.0,0.0,1120020.0,1120020.0,0.0,opcodes
arithmetic,49100,1374820.0,1374820.0,0.0,1374820.0,1374820.0,0.0,opcodes
arithmetic,60400,1691220.0,1691220.0,0.0,1691220.0,1691220.0,0.0,opcodes
arithmetic,74200,2077620.0,2077620.0,0.0,2077620.0,2077620.0,0.0,opcodes
arithmetic,91100,2550820.0,2550820.0,0.0,2550820.0,2550820.0,0.0,opcodes
arithmetic,112000,3136020.0,3136020.0,0.0,3136020.0,3136020.0,0.0,opcodes
arithmetic,138000,3864020.0,3864020.0,0.0,3864020.0,3864020.0,0.0,opcodes
arithmetic,169000,4732020.0,4732020.0,0.0,4732020.0,4732020.0,0.0,opcodes
arithmetic,208000,5824020.0,5824020.0,0.0,5824020.0,5824020.0,0.0,opcodes
arithmetic,255000,7140020.0,7140020.0,0.0,7140020.0,7140020.0,0.0,opcodes
arithmetic,314000,8792020.0,8792020.0,0.0,8792020.0,8792020.0,0.0,opcodes
arithmetic,385000,10780020.0,10780020.0,0.0,10780020.0,10780020.0,0.0,opcodes
arithmetic,473000,13244020.0,13244020.0,0.0,13244020.0,13244020.0,0.0,opcodes
arithmetic,581000,16268020.0,16268020.0,0.0,16268020.0,16268020.0,0.0,opcodes
arithmetic,714000,19992020.0,19992020.0,0.0,19992020.0,19992020.0,0.0,opcodes
arithmetic,878000,24584020.0,24584020.0,0.0,24584020.0,24584020.0,0.0,opcodes
arithmetic,1080000,30240020.0,30240020.0,0.0,30240020.0,30240020.0,0.0,opcodes
arithmetic,1320000,36960020.0,36960020.0,0.0,36960020.0,36960020.0,0.0,opcodes
arithmetic,1630000,45640020.0,45640020.0,0.0,45640020.0,45640020.0,0.0,opcodes
arithmetic,2000000,56000020.0,56000020.0,0.0,56000020.0,56000020.0,0.0,opcodes
classes,12000,396032.0,396032.0,0.0,396032.0,396032.0,0.0,opcodes
classes,14700,485132.0,485132.0,0.0,485132.0,485132.0,0.0,opcodes
classes,18100,597332.0,597332.0,0.0,597332.0,597332.0,0.0,opcodes
classes,22300,735932.0,735932.0,0.0,735932.0,735932.0,0.0,opcodes
classes,27300,900932.0,900932.0,0.0,900932.0,900932.0,0.0,opcodes
classes,33600,1108832.0,1108832.0,0.0,1108832.0,1108832.0,0.0,opcodes
classes,41300,1362932.0,1362932.0,0.0,1362932.0,1362932.0,0.0,opcodes
classes,50700,1673132.0,1673132.0,0.0,1673132.0,1673132.0,0.0,opcodes
classes,62300,2055932.0,2055932.0,0.0,2055932.0,2055932.0,0.0,opcodes
classes,76600,2527832.0,2527832.0,0.0,2527832.0,2527832.0,0.0,opcodes
classes,94100,3105332.0,3105332.0,0.0,3105332.0,3105332.0,0.0,opcodes
classes,116000,3828032.0,3828032.0,0.0,3828032.0,3828032.0,0.0,opcodes
classes,142000,4686032.0,4686032.0,0.0,4686032.0,4686032.0,0.0,opcodes
classes,174000,5742032.0,5742032.0,0.0,5742032.0,5742032.0,0.0,opcodes
classes,214000,7062032.0,7062032.0,0.0,7062032.0,7062032.0,0.0,opcodes
classes,263000,8679032.0,8679032.0,0.0,8679032.0,8679032.0,0.0,opcodes
classes,324000,10692032.0,10692032.0,0.0,10692032.0,10692032.0,0.0,opcodes
classes,397000,13101032.0,13101032.0,0.0,13101032.0,13101032.0,0.0,opcodes
classes,488000,16104032.0,16104032.0,0.0,16104032.0,16104032.0,0.0,opcodes
classes,600000,19800032.0,19800032.0,0.0,19800032.0,19800032.0,0.0,opcodes
closures,14000,546040.0,546040.0,0.0,546040.0,546040.0,0.0,opcodes
closures,17200,670840.0,670840.0,0.0,670840.0,670840.0,0.0,opcodes
closures,21100,822940.0,822940.0,0.0,822940.0,822940.0,0.0,opcodes
closures,26000,1014040.0,1014040.0,0.0,1014040.0,1014040.0,0.0,opcodes
closures,31900,1244140.0,1244140.0,0.0,1244140.0,1244140.0,0.0,opcodes
closures,39200,1528840.0,1528840.0,0.0,1528840.0,1528840.0,0.0,opcodes
closures,48200,1879840.0,1879840.0,0.0,1879840.0,1879840.0,0.0,opcodes
closures,59200,2308840.0,2308840.0,0.0,2308840.0,2308840.0,0.0,opcodes
closures,72700,2835340.0,2835340.0,0.0,2835340.0,2835340.0,0.0,opcodes
closures,89300,3482740.0,3482740.0,0.0,3482740.0,3482740.0,0.0,opcodes
closures,110000,4290040.0,4290040.0,0.0,4290040.0,4290040.0,0.0,opcodes
closures,135000,5265040.0,5265040.0,0.0,5265040.0,5265040.0,0.0,opcodes
closures,166000,6474040.0,6474040.0,0.0,6474040.0,6474040.0,0.0,opcodes
closures,204000,7956040.0,7956040.0,0.0,7956040.0,7956040.0,0.0,opcodes
closures,250000,9750040.0,9750040.0,0.0,9750040.0,9750040.0,0.0,opcodes
closures,307000,11973040.0,11973040.0,0.0,11973040.0,11973040.0,0.0,opcodes
closures,377000,14703040.0,14703040.0,0.0,14703040.0,14703040.0,0.0,opcodes
closures,464000,18096040.0,18096040.0,0.0,18096040.0,18096040.0,0.0,opcodes
closures,570000,22230040.0,22230040.0,0.0,22230040.0,22230040.0,0.0,opcodes
closures,700000,27300040.0,27300040.0,0.0,27300040.0,27300040.0,0.0,opcodes
control_flow,20000,1100021.0,1100021.0,0.0,1100021.0,1100021.0,0.0,opcodes
control_flow,24600,1353027.0,1353027.0,0.0,1353027.0,1353027.0,0.0,opcodes
control_flow,30200,1661021.0,1661021.0,0.0,1661021.0,1661021.0,0.0,opcodes
control_flow,37100,2040521.0,2040521.0,0.0,2040521.0,2040521.0,0.0,opcodes
control_flow,45600,2508027.0,2508027.0,0.0,2508027.0,2508027.0,0.0,opcodes
control_flow,56000,3080021.0,3080021.0,0.0,3080021.0,3080021.0,0.0,opcodes
control_flow,68800,3784018.0,3784018.0,0.0,3784018.0,3784018.0,0.0,opcodes
control_flow,84500,4647521.0,4647521.0,0.0,4647521.0,4647521.0,0.0,opcodes
control_flow,104000,5720021.0,5720021.0,0.0,5720021.0,5720021.0,0.0,opcodes
control_flow,128000,7040021.0,7040021.0,0.0,7040021.0,7040021.0,0.0,opcodes
control_flow,157000,8635018.0,8635018.0,0.0,8635018.0,8635018.0,0.0,opcodes
control_flow,193000,10615018.0,10615018.0,0.0,10615018.0,10615018.0,0.0,opcodes
control_flow,237000,13035027.0,13035027.0,0.0,13035027.0,13035027.0,0.0,opcodes
control_flow,291000,16005027.0,16005027.0,0.0,16005027.0,16005027.0,0.0,opcodes
control_flow,357000,19635027.0,19635027.0,0.0,19635027.0,19635027.0,0.0,opcodes
control_flow,439000,24145018.0,24145018.0,0.0,24145018.0,24145018.0,0.0,opcodes
control_flow,539000,29645021.0,29645021.0,0.0,29645021.0,29645021.0,0.0,opcodes
control_flow,662000,36410021.0,36410021.0,0.0,36410021.0,36410021.0,0.0,opcodes
control_flow,814000,44770018.0,44770018.0,0.0,44770018.0,44770018.0,0.0,opcodes
control_flow,1000000,55000018.0,55000018.0,0.0,55000018.0,55000018.0,0.0,opcodes
gc_stress,6000,432034.0,432034.0,0.0,432034.0,432034.0,0.0,opcodes
gc_stress,7370,530674.0,530674.0,0.0,530674.0,530674.0,0.0,opcodes
gc_stress,9060,652354.0,652354.0,0.0,652354.0,652354.0,0.0,opcodes
gc_stress,11100,799234.0,799234.0,0.0,799234.0,799234.0,0.0,opcodes
gc_stress,13700,986434.0,986434.0,0.0,986434.0,986434.0,0.0,opcodes
gc_stress,16800,1209634.0,1209634.0,0.0,1209634.0,1209634.0,0.0,opcodes
gc_stress,20600,1483234.0,1483234.0,0.0,1483234.0,1483234.0,0.0,opcodes
gc_stress,25400,1828834.0,1828834.0,0.0,1828834.0,1828834.0,0.0,opcodes
gc_stress,31200,2246434.0,2246434.0,0.0,2246434.0,2246434.0,0.0,opcodes
gc_stress,38300,2757634.0,2757634.0,0.0,2757634.0,2757634.0,0.0,opcodes
gc_stress,47000,3384034.0,3384034.0,0.0,3384034.0,3384034.0,0.0,opcodes
gc_stress,57800,4161634.0,4161634.0,0.0,4161634.0,4161634.0,0.0,opcodes
gc_stress,71000,5112034.0,5112034.0,0.0,5112034.0,5112034.0,0.0,opcodes
gc_stress,87200,6278434.0,6278434.0,0.0,6278434.0,6278434.0,0.0,opcodes
gc_stress,107000,7704034.0,7704034.0,0.0,7704034.0,7704034.0,0.0,opcodes
gc_stress,132000,9504034.0,9504034.0,0.0,9504034.0,9504034.0,0.0,opcodes
gc_stress,162000,11664034.0,11664034.0,0.0,11664034.0,11664034.0,0.0,opcodes
gc_stress,199000,14328034.0,14328034.0,0.0,14328034.0,14328034.0,0.0,opcodes
gc_stress,244000,17568034.0,17568034.0,0.0,17568034.0,17568034.0,0.0,opcodes
gc_stress,300000,21600034.0,21600034.0,0.0,21600034.0,21600034.0,0.0,opcodes
globals,14000,490021.0,490021.0,0.0,490021.0,490021.0,0.0,opcodes
globals,17200,602021.0,602021.0,0.0,602021.0,602021.0,0.0,opcodes
globals,21100,738521.0,738521.0,0.0,738521.0,738521.0,0.0,opcodes
globals,26000,910021.0,910021.0,0.0,910021.0,910021.0,0.0,opcodes
globals,31900,1116521.0,1116521.0,0.0,1116521.0,1116521.0,0.0,opcodes
globals,39200,1372021.0,1372021.0,0.0,1372021.0,1372021.0,0.0,opcodes
globals,48200,1687021.0,1687021.0,0.0,1687021.0,1687021.0,0.0,opcodes
globals,59200,2072021.0,2072021.0,0.0,2072021.0,2072021.0,0.0,opcodes
globals,72700,2544521.0,2544521.0,0.0,2544521.0,2544521.0,0.0,opcodes
globals,89300,3125521.0,3125521.0,0.0,3125521.0,3125521.0,0.0,opcodes
globals,110000,3850021.0,3850021.0,0.0,3850021.0,3850021.0,0.0,opcodes
globals,135000,4725021.0,4725021.0,0.0,4725021.0,4725021.0,0.0,opcodes
globals,166000,5810021.0,5810021.0,0.0,5810021.0,5810021.0,0.0,opcodes
globals,204000,7140021.0,7140021.0,0.0,7140021.0,7140021.0,0.0,opcodes
globals,250000,8750021.0,8750021.0,0.0,8750021.0,8750021.0,0.0,opcodes
globals,307000,10745021.0,10745021.0,0.0,10745021.0,10745021.0,0.0,opcodes
globals,377000,13195021.0,13195021.0,0.0,13195021.0,13195021.0,0.0,opcodes
globals,464000,16240021.0,16240021.0,0.0,16240021.0,16240021.0,0.0,opcodes
globals,570000,19950021.0,19950021.0,0.0,19950021.0,19950021.0,0.0,opcodes
globals,700000,24500021.0,24500021.0,0.0,24500021.0,24500021.0,0.0,opcodes
integrated,8000,888195.0,888195.0,0.0,888195.0,888195.0,0.0,opcodes
integrated,9830,1091351.0,1091351.0,0.0,1091351.0,1091351.0,0.0,opcodes
integrated,12100,1343382.0,1343382.0,0.0,1343382.0,1343382.0,0.0,opcodes
integrated,14800,1643117.0,1643117.0,0.0,1643117.0,1643117.0,0.0,opcodes
integrated,18200,2020587.0,2020587.0,0.0,2020587.0,2020587.0,0.0,opcodes
integrated,22400,2486857.0,2486857.0,0.0,2486857.0,2486857.0,0.0,opcodes
integrated,27500,3053036.0,3053036.0,0.0,3053036.0,3053036.0,0.0,opcodes
integrated,33800,3752441.0,3752441.0,0.0,3752441.0,3752441.0,0.0,opcodes
integrated,41500,4607281.0,4607281.0,0.0,4607281.0,4607281.0,0.0,opcodes
integrated,51000,5661956.0,5661956.0,0.0,5661956.0,5661956.0,0.0,opcodes
integrated,62700,6960857.0,6960857.0,0.0,6960857.0,6960857.0,0.0,opcodes
integrated,77000,8548411.0,8548411.0,0.0,8548411.0,8548411.0,0.0,opcodes
integrated,94700,10513417.0,10513417.0,0.0,10513417.0,10513417.0,0.0,opcodes
integrated,116000,12878085.0,12878085.0,0.0,12878085.0,12878085.0,0.0,opcodes
integrated,143000,15875566.0,15875566.0,0.0,15875566.0,15875566.0,0.0,opcodes
integrated,176000,19539135.0,19539135.0,0.0,19539135.0,19539135.0,0.0,opcodes
integrated,216000,23979835.0,23979835.0,0.0,23979835.0,23979835.0,0.0,opcodes
integrated,265000,29419701.0,29419701.0,0.0,29419701.0,29419701.0,0.0,opcodes
integrated,326000,36191760.0,36191760.0,0.0,36191760.0,36191760.0,0.0,opcodes
integrated,400000,44407055.0,44407055.0,0.0,44407055.0,44407055.0,0.0,opcodes
locals,28000,1036023.0,1036023.0,0.0,1036023.0,1036023.0,0.0,opcodes
locals,34400,1272823.0,1272823.0,0.0,1272823.0,1272823.0,0.0,opcodes
locals,42300,1565123.0,1565123.0,0.0,1565123.0,1565123.0,0.0,opcodes
locals,51900,1920323.0,1920323.0,0.0,1920323.0,1920323.0,0.0,opcodes
locals,63800,2360623.0,2360623.0,0.0,2360623.0,2360623.0,0.0,opcodes
locals,78400,2900823.0,2900823.0,0.0,2900823.0,2900823.0,0.0,opcodes
locals,96300,3563123.0,3563123.0,0.0,3563123.0,3563123.0,0.0,opcodes
locals,118000,4366023.0,4366023.0,0.0,4366023.0,4366023.0,0.0,opcodes
locals,145000,5365023.0,5365023.0,0.0,5365023.0,5365023.0,0.0,opcodes
locals,179000,6623023.0,6623023.0,0.0,6623023.0,6623023.0,0.0,opcodes
locals,219000,8103023.0,8103023.0,0.0,8103023.0,8103023.0,0.0,opcodes
locals,270000,9990023.0,9990023.0,0.0,9990023.0,9990023.0,0.0,opcodes
locals,331000,12247023.0,12247023.0,0.0,12247023.0,12247023.0,0.0,opcodes
locals,407000,15059023.0,15059023.0,0.0,15059023.0,15059023.0,0.0,opcodes
locals,500000,18500023.0,18500023.0,0.0,18500023.0,18500023.0,0.0,opcodes
locals,614000,22718023.0,22718023.0,0.0,22718023.0,22718023.0,0.0,opcodes
locals,755000,27935023.0,27935023.0,0.0,27935023.0,27935023.0,0.0,opcodes
locals,927000,34299023.0,34299023.0,0.0,34299023.0,34299023.0,0.0,opcodes
locals,1140000,42180023.0,42180023.0,0.0,42180023.0,42180023.0,0.0,opcodes
locals,1400000,51800023.0,51800023.0,0.0,51800023.0,51800023.0,0.0,opcodes
methods,16000,800065.0,800065.0,0.0,800065.0,800065.0,0.0,opcodes
methods,19700,985065.0,985065.0,0.0,985065.0,985065.0,0.0,opcodes
methods,24200,1210065.0,1210065.0,0.0,1210065.0,1210065.0,0.0,opcodes
methods,29700,1485065.0,1485065.0,0.0,1485065.0,1485065.0,0.0,opcodes
methods,36500,1825065.0,1825065.0,0.0,1825065.0,1825065.0,0.0,opcodes
methods,44800,2240065.0,2240065.0,0.0,2240065.0,2240065.0,0.0,opcodes
methods,55000,2750065.0,2750065.0,0.0,2750065.0,2750065.0,0.0,opcodes
methods,67600,3380065.0,3380065.0,0.0,3380065.0,3380065.0,0.0,opcodes
methods,83100,4155065.0,4155065.0,0.0,4155065.0,4155065.0,0.0,opcodes
methods,102000,5100065.0,5100065.0,0.0,5100065.0,5100065.0,0.0,opcodes
methods,125000,6250065.0,6250065.0,0.0,6250065.0,6250065.0,0.0,opcodes
methods,154000,7700065.0,7700065.0,0.0,7700065.0,7700065.0,0.0,opcodes
methods,189000,9450065.0,9450065.0,0.0,9450065.0,9450065.0,0.0,opcodes
methods,233000,11650065.0,11650065.0,0.0,11650065.0,11650065.0,0.0,opcodes
methods,286000,14300065.0,14300065.0,0.0,14300065.0,14300065.0,0.0,opcodes
methods,351000,17550065.0,17550065.0,0.0,17550065.0,17550065.0,0.0,opcodes
methods,431000,21550065.0,21550065.0,0.0,21550065.0,21550065.0,0.0,opcodes
methods,530000,26500065.0,26500065.0,0.0,26500065.0,26500065.0,0.0,opcodes
methods,651000,32550065.0,32550065.0,0.0,32550065.0,32550065.0,0.0,opcodes
methods,800000,40000065.0,40000065.0,0.0,40000065.0,40000065.0,0.0,opcodes
properties,16000,848046.0,848046.0,0.0,848046.0,848046.0,0.0,opcodes
properties,19700,1044146.0,1044146.0,0.0,1044146.0,1044146.0,0.0,opcodes
properties,24200,1282646.0,1282646.0,0.0,1282646.0,1282646.0,0.0,opcodes
properties,29700,1574146.0,1574146.0,0.0,1574146.0,1574146.0,0.0,opcodes
properties,36500,1934546.0,1934546.0,0.0,1934546.0,1934546.0,0.0,opcodes
properties,44800,2374446.0,2374446.0,0.0,2374446.0,2374446.0,0.0,opcodes
properties,55000,2915046.0,2915046.0,0.0,2915046.0,2915046.0,0.0,opcodes
properties,67600,3582846.0,3582846.0,0.0,3582846.0,3582846.0,0.0,opcodes
properties,83100,4404346.0,4404346.0,0.0,4404346.0,4404346.0,0.0,opcodes
properties,102000,5406046.0,5406046.0,0.0,5406046.0,5406046.0,0.0,opcodes
properties,125000,6625046.0,6625046.0,0.0,6625046.0,6625046.0,0.0,opcodes
properties,154000,8162046.0,8162046.0,0.0,8162046.0,8162046.0,0.0,opcodes
properties,189000,10017046.0,10017046.0,0.0,10017046.0,10017046.0,0.0,opcodes
properties,233000,12349046.0,12349046.0,0.0,12349046.0,12349046.0,0.0,opcodes
properties,286000,15158046.0,15158046.0,0.0,15158046.0,15158046.0,0.0,opcodes
properties,351000,18603046.0,18603046.0,0.0,18603046.0,18603046.0,0.0,opcodes
properties,431000,22843046.0,22843046.0,0.0,22843046.0,22843046.0,0.0,opcodes
properties,530000,28090046.0,28090046.0,0.0,28090046.0,28090046.0,0.0,opcodes
properties,651000,34503046.0,34503046.0,0.0,34503046.0,34503046.0,0.0,opcodes
properties,800000,42400046.0,42400046.0,0.0,42400046.0,42400046.0,0.0,opcodes
recursion,12,5585.0,5585.0,0.0,5585.0,5585.0,0.0,opcodes
recursion,13,9041.0,9041.0,0.0,9041.0,9041.0,0.0,opcodes
recursion,14,14633.0,14633.0,0.0,14633.0,14633.0,0.0,opcodes
recursion,15,23681.0,23681.0,0.0,23681.0,23681.0,0.0,opcodes
recursion,16,38321.0,38321.0,0.0,38321.0,38321.0,0.0,opcodes
recursion,17,62009.0,62009.0,0.0,62009.0,62009.0,0.0,opcodes
recursion,18,100337.0,100337.0,0.0,100337.0,100337.0,0.0,opcodes
recursion,19,162353.0,162353.0,0.0,162353.0,162353.0,0.0,opcodes
recursion,20,262697.0,262697.0,0.0,262697.0,262697.0,0.0,opcodes
recursion,21,425057.0,425057.0,0.0,425057.0,425057.0,0.0,opcodes
recursion,22,687761.0,687761.0,0.0,687761.0,687761.0,0.0,opcodes
recursion,23,1112825.0,1112825.0,0.0,1112825.0,1112825.0,0.0,opcodes
recursion,24,1800593.0,1800593.0,0.0,1800593.0,1800593.0,0.0,opcodes
recursion,25,2913425.0,2913425.0,0.0,2913425.0,2913425.0,0.0,opcodes
recursion,26,4714025.0,4714025.0,0.0,4714025.0,4714025.0,0.0,opcodes
recursion,27,7627457.0,7627457.0,0.0,7627457.0,7627457.0,0.0,opcodes
recursion,28,12341489.0,12341489.0,0.0,12341489.0,12341489.0,0.0,opcodes
recursion,29,19968953.0,19968953.0,0.0,19968953.0,19968953.0,0.0,opcodes
recursion,30,32310449.0,32310449.0,0.0,32310449.0,32310449.0,0.0,opcodes
recursion,31,52279409.0,52279409.0,0.0,52279409.0,52279409.0,0.0,opcodes
string_concat,2500,45022.0,45022.0,0.0,45022.0,45022.0,0.0,opcodes
string_concat,2820,50782.0,50782.0,0.0,50782.0,50782.0,0.0,opcodes
string_concat,3190,57442.0,57442.0,0.0,57442.0,57442.0,0.0,opcodes
string_concat,3600,64822.0,64822.0,0.0,64822.0,64822.0,0.0,opcodes
string_concat,4060,73102.0,73102.0,0.0,73102.0,73102.0,0.0,opcodes
string_concat,4580,82462.0,82462.0,0.0,82462.0,82462.0,0.0,opcodes
string_concat,5170,93082.0,93082.0,0.0,93082.0,93082.0,0.0,opcodes
string_concat,5840,105142.0,105142.0,0.0,105142.0,105142.0,0.0,opcodes
string_concat,6590,118642.0,118642.0,0.0,118642.0,118642.0,0.0,opcodes
string_concat,7440,133942.0,133942.0,0.0,133942.0,133942.0,0.0,opcodes
string_concat,8400,151222.0,151222.0,0.0,151222.0,151222.0,0.0,opcodes
string_concat,9480,170662.0,170662.0,0.0,170662.0,170662.0,0.0,opcodes
string_concat,10700,192622.0,192622.0,0.0,192622.0,192622.0,0.0,opcodes
string_concat,12100,217822.0,217822.0,0.0,217822.0,217822.0,0.0,opcodes
string_concat,13600,244822.0,244822.0,0.0,244822.0,244822.0,0.0,opcodes
string_concat,15400,277222.0,277222.0,0.0,277222.0,277222.0,0.0,opcodes
string_concat,17400,313222.0,313222.0,0.0,313222.0,313222.0,0.0,opcodes
string_concat,19600,352822.0,352822.0,0.0,352822.0,352822.0,0.0,opcodes
string_concat,22100,397822.0,397822.0,0.0,397822.0,397822.0,0.0,opcodes
string_concat,25000,450022.0,450022.0,0.0,450022.0,450022.0,0.0,opcodes
arithmetic,40000,0.0,0.0,0.0,0.0,0.0,,gc_count
arithmetic,49100,0.0,0.0,0.0,0.0,0.0,,gc_count
arithmetic,60400,0.0,0.0,0.0,0.0,0.0,,gc_count
arithmetic,74200,0.0,0.0,0.0,0.0,0.0,,gc_count
arithmetic,91100,0.0,0.0,0.0,0.0,0.0,,gc_count
arithmetic,112000,0.0,0.0,0.0,0.0,0.0,,gc_count
arithmetic,138000,0.0,0.0,0.0,0.0,0.0,,gc_count
arithmetic,169000,0.0,0.0,0.0,0.0,0.0,,gc_count
arithmetic,208000,0.0,0.0,0.0,0.0,0.0,,gc_count
arithmetic,255000,0.0,0.0,0.0,0.0,0.0,,gc_count
arithmetic,314000,0.0,0.0,0.0,0.0,0.0,,gc_count
arithmetic,385000,0.0,0.0,0.0,0.0,0.0,,gc_count
arithmetic,473000,0.0,0.0,0.0,0.0,0.0,,gc_count
arithmetic,581000,0.0,0.0,0.0,0.0,0.0,,gc_count
arithmetic,714000,0.0,0.0,0.0,0.0,0.0,,gc_count
arithmetic,878000,0.0,0.0,0.0,0.0,0.0,,gc_count
arithmetic,1080000,0.0,0.0,0.0,0.0,0.0,,gc_count
arithmetic,1320000,0.0,0.0,0.0,0.0,0.0,,gc_count
arithmetic,1630000,0.0,0.0,0.0,0.0,0.0,,gc_count
arithmetic,2000000,0.0,0.0,0.0,0.0,0.0,,gc_count
classes,12000,486.0,486.0,0.0,486.0,486.0,0.0,gc_count
classes,14700,694.0,694.0,0.0,694.0,694.0,0.0,gc_count
classes,18100,955.0,955.0,0.0,955.0,955.0,0.0,gc_count
classes,22300,1278.0,1278.0,0.0,1278.0,1278.0,0.0,gc_count
classes,27300,1663.0,1663.0,0.0,1663.0,1663.0,0.0,gc_count
classes,33600,2148.0,2148.0,0.0,2148.0,2148.0,0.0,gc_count
classes,41300,2740.0,2740.0,0.0,2740.0,2740.0,0.0,gc_count
classes,50700,3463.0,3463.0,0.0,3463.0,3463.0,0.0,gc_count
classes,62300,4355.0,4355.0,0.0,4355.0,4355.0,0.0,gc_count
classes,76600,5455.0,5455.0,0.0,5455.0,5455.0,0.0,gc_count
classes,94100,6801.0,6801.0,0.0,6801.0,6801.0,0.0,gc_count
classes,116000,8486.0,8486.0,0.0,8486.0,8486.0,0.0,gc_count
classes,142000,10486.0,10486.0,0.0,10486.0,10486.0,0.0,gc_count
classes,174000,12948.0,12948.0,0.0,12948.0,12948.0,0.0,gc_count
classes,214000,16025.0,16025.0,0.0,16025.0,16025.0,0.0,gc_count
classes,263000,19794.0,19794.0,0.0,19794.0,19794.0,0.0,gc_count
classes,324000,24486.0,24486.0,0.0,24486.0,24486.0,0.0,gc_count
classes,397000,30101.0,30101.0,0.0,30101.0,30101.0,0.0,gc_count
classes,488000,37101.0,37101.0,0.0,37101.0,37101.0,0.0,gc_count
classes,600000,45717.0,45717.0,0.0,45717.0,45717.0,0.0,gc_count
closures,14000,0.0,0.0,0.0,0.0,0.0,,gc_count
closures,17200,0.0,0.0,0.0,0.0,0.0,,gc_count
closures,21100,84.0,84.0,0.0,84.0,84.0,0.0,gc_count
closures,26000,195.0,195.0,0.0,195.0,195.0,0.0,gc_count
closures,31900,329.0,329.0,0.0,329.0,329.0,0.0,gc_count
closures,39200,495.0,495.0,0.0,495.0,495.0,0.0,gc_count
closures,48200,700.0,700.0,0.0,700.0,700.0,0.0,gc_count
closures,59200,950.0,950.0,0.0,950.0,950.0,0.0,gc_count
closures,72700,1257.0,1257.0,0.0,1257.0,1257.0,0.0,gc_count
closures,89300,1634.0,1634.0,0.0,1634.0,1634.0,0.0,gc_count
closures,110000,2104.0,2104.0,0.0,2104.0,2104.0,0.0,gc_count
closures,135000,2672.0,2672.0,0.0,2672.0,2672.0,0.0,gc_count
closures,166000,3377.0,3377.0,0.0,3377.0,3377.0,0.0,gc_count
closures,204000,4241.0,4241.0,0.0,4241.0,4241.0,0.0,gc_count
closures,250000,5286.0,5286.0,0.0,5286.0,5286.0,0.0,gc_count
closures,307000,6582.0,6582.0,0.0,6582.0,6582.0,0.0,gc_count
closures,377000,8172.0,8172.0,0.0,8172.0,8172.0,0.0,gc_count
closures,464000,10150.0,10150.0,0.0,10150.0,10150.0,0.0,gc_count
closures,570000,12559.0,12559.0,0.0,12559.0,12559.0,0.0,gc_count
closures,700000,15513.0,15513.0,0.0,15513.0,15513.0,0.0,gc_count
control_flow,20000,0.0,0.0,0.0,0.0,0.0,,gc_count
control_flow,24600,0.0,0.0,0.0,0.0,0.0,,gc_count
control_flow,30200,0.0,0.0,0.0,0.0,0.0,,gc_count
control_flow,37100,0.0,0.0,0.0,0.0,0.0,,gc_count
control_flow,45600,0.0,0.0,0.0,0.0,0.0,,gc_count
control_flow,56000,0.0,0.0,0.0,0.0,0.0,,gc_count
control_flow,68800,0.0,0.0,0.0,0.0,0.0,,gc_count
control_flow,84500,0.0,0.0,0.0,0.0,0.0,,gc_count
control_flow,104000,0.0,0.0,0.0,0.0,0.0,,gc_count
control_flow,128000,0.0,0.0,0.0,0.0,0.0,,gc_count
control_flow,157000,0.0,0.0,0.0,0.0,0.0,,gc_count
control_flow,193000,0.0,0.0,0.0,0.0,0.0,,gc_count
control_flow,237000,0.0,0.0,0.0,0.0,0.0,,gc_count
control_flow,291000,0.0,0.0,0.0,0.0,0.0,,gc_count
control_flow,357000,0.0,0.0,0.0,0.0,0.0,,gc_count
control_flow,439000,0.0,0.0,0.0,0.0,0.0,,gc_count
control_flow,539000,0.0,0.0,0.0,0.0,0.0,,gc_count
control_flow,662000,0.0,0.0,0.0,0.0,0.0,,gc_count
control_flow,814000,0.0,0.0,0.0,0.0,0.0,,gc_count
control_flow,1000000,0.0,0.0,0.0,0.0,0.0,,gc_count
gc_stress,6000,4.0,4.0,0.0,4.0,4.0,0.0,gc_count
gc_stress,7370,5.0,5.0,0.0,5.0,5.0,0.0,gc_count
gc_stress,9060,5.0,5.0,0.0,5.0,5.0,0.0,gc_count
gc_stress,11100,6.0,6.0,0.0,6.0,6.0,0.0,gc_count
gc_stress,13700,7.0,7.0,0.0,7.0,7.0,0.0,gc_count
gc_stress,16800,7.0,7.0,0.0,7.0,7.0,0.0,gc_count
gc_stress,20600,8.0,8.0,0.0,8.0,8.0,0.0,gc_count
gc_stress,25400,9.0,9.0,0.0,9.0,9.0,0.0,gc_count
gc_stress,31200,10.0,10.0,0.0,10.0,10.0,0.0,gc_count
gc_stress,38300,10.0,10.0,0.0,10.0,10.0,0.0,gc_count
gc_stress,47000,11.0,11.0,0.0,11.0,11.0,0.0,gc_count
gc_stress,57800,12.0,12.0,0.0,12.0,12.0,0.0,gc_count
gc_stress,71000,12.0,12.0,0.0,12.0,12.0,0.0,gc_count
gc_stress,87200,13.0,13.0,0.0,13.0,13.0,0.0,gc_count
gc_stress,107000,14.0,14.0,0.0,14.0,14.0,0.0,gc_count
gc_stress,132000,15.0,15.0,0.0,15.0,15.0,0.0,gc_count
gc_stress,162000,15.0,15.0,0.0,15.0,15.0,0.0,gc_count
gc_stress,199000,16.0,16.0,0.0,16.0,16.0,0.0,gc_count
gc_stress,244000,17.0,17.0,0.0,17.0,17.0,0.0,gc_count
gc_stress,300000,18.0,18.0,0.0,18.0,18.0,0.0,gc_count
globals,14000,0.0,0.0,0.0,0.0,0.0,,gc_count
globals,17200,0.0,0.0,0.0,0.0,0.0,,gc_count
globals,21100,0.0,0.0,0.0,0.0,0.0,,gc_count
globals,26000,0.0,0.0,0.0,0.0,0.0,,gc_count
globals,31900,0.0,0.0,0.0,0.0,0.0,,gc_count
globals,39200,0.0,0.0,0.0,0.0,0.0,,gc_count
globals,48200,0.0,0.0,0.0,0.0,0.0,,gc_count
globals,59200,0.0,0.0,0.0,0.0,0.0,,gc_count
globals,72700,0.0,0.0,0.0,0.0,0.0,,gc_count
globals,89300,0.0,0.0,0.0,0.0,0.0,,gc_count
globals,110000,0.0,0.0,0.0,0.0,0.0,,gc_count
globals,135000,0.0,0.0,0.0,0.0,0.0,,gc_count
globals,166000,0.0,0.0,0.0,0.0,0.0,,gc_count
globals,204000,0.0,0.0,0.0,0.0,0.0,,gc_count
globals,250000,0.0,0.0,0.0,0.0,0.0,,gc_count
globals,307000,0.0,0.0,0.0,0.0,0.0,,gc_count
globals,377000,0.0,0.0,0.0,0.0,0.0,,gc_count
globals,464000,0.0,0.0,0.0,0.0,0.0,,gc_count
globals,570000,0.0,0.0,0.0,0.0,0.0,,gc_count
globals,700000,0.0,0.0,0.0,0.0,0.0,,gc_count
integrated,8000,246.0,246.0,0.0,246.0,246.0,0.0,gc_count
integrated,9830,342.0,342.0,0.0,342.0,342.0,0.0,gc_count
integrated,12100,462.0,462.0,0.0,462.0,462.0,0.0,gc_count
integrated,14800,604.0,604.0,0.0,604.0,604.0,0.0,gc_count
integrated,18200,783.0,783.0,0.0,783.0,783.0,0.0,gc_count
integrated,22400,1005.0,1005.0,0.0,1005.0,1005.0,0.0,gc_count
integrated,27500,1273.0,1273.0,0.0,1273.0,1273.0,0.0,gc_count
integrated,33800,1605.0,1605.0,0.0,1605.0,1605.0,0.0,gc_count
integrated,41500,2011.0,2011.0,0.0,2011.0,2011.0,0.0,gc_count
integrated,51000,2511.0,2511.0,0.0,2511.0,2511.0,0.0,gc_count
integrated,62700,3128.0,3128.0,0.0,3128.0,3128.0,0.0,gc_count
integrated,77000,3881.0,3881.0,0.0,3881.0,3881.0,0.0,gc_count
integrated,94700,4814.0,4814.0,0.0,4814.0,4814.0,0.0,gc_count
integrated,116000,5935.0,5935.0,0.0,5935.0,5935.0,0.0,gc_count
integrated,143000,7334.0,7334.0,0.0,7334.0,7334.0,0.0,gc_count
integrated,176000,9002.0,9002.0,0.0,9002.0,9002.0,0.0,gc_count
integrated,216000,11007.0,11007.0,0.0,11007.0,11007.0,0.0,gc_count
integrated,265000,13501.0,13501.0,0.0,13501.0,13501.0,0.0,gc_count
integrated,326000,16592.0,16592.0,0.0,16592.0,16592.0,0.0,gc_count
integrated,400000,20299.0,20299.0,0.0,20299.0,20299.0,0.0,gc_count
locals,28000,0.0,0.0,0.0,0.0,0.0,,gc_count
locals,34400,0.0,0.0,0.0,0.0,0.0,,gc_count
locals,42300,0.0,0.0,0.0,0.0,0.0,,gc_count
locals,51900,0.0,0.0,0.0,0.0,0.0,,gc_count
locals,63800,0.0,0.0,0.0,0.0,0.0,,gc_count
locals,78400,0.0,0.0,0.0,0.0,0.0,,gc_count
locals,96300,0.0,0.0,0.0,0.0,0.0,,gc_count
locals,118000,0.0,0.0,0.0,0.0,0.0,,gc_count
locals,145000,0.0,0.0,0.0,0.0,0.0,,gc_count
locals,179000,0.0,0.0,0.0,0.0,0.0,,gc_count
locals,219000,0.0,0.0,0.0,0.0,0.0,,gc_count
locals,270000,0.0,0.0,0.0,0.0,0.0,,gc_count
locals,331000,0.0,0.0,0.0,0.0,0.0,,gc_count
locals,407000,0.0,0.0,0.0,0.0,0.0,,gc_count
locals,500000,0.0,0.0,0.0,0.0,0.0,,gc_count
locals,614000,0.0,0.0,0.0,0.0,0.0,,gc_count
locals,755000,0.0,0.0,0.0,0.0,0.0,,gc_count
locals,927000,0.0,0.0,0.0,0.0,0.0,,gc_count
locals,1140000,0.0,0.0,0.0,0.0,0.0,,gc_count
locals,1400000,0.0,0.0,0.0,0.0,0.0,,gc_count
methods,16000,0.0,0.0,0.0,0.0,0.0,,gc_count
methods,19700,0.0,0.0,0.0,0.0,0.0,,gc_count
methods,24200,0.0,0.0,0.0,0.0,0.0,,gc_count
methods,29700,0.0,0.0,0.0,0.0,0.0,,gc_count
methods,36500,0.0,0.0,0.0,0.0,0.0,,gc_count
methods,44800,0.0,0.0,0.0,0.0,0.0,,gc_count
methods,55000,0.0,0.0,0.0,0.0,0.0,,gc_count
methods,67600,0.0,0.0,0.0,0.0,0.0,,gc_count
methods,83100,0.0,0.0,0.0,0.0,0.0,,gc_count
methods,102000,0.0,0.0,0.0,0.0,0.0,,gc_count
methods,125000,0.0,0.0,0.0,0.0,0.0,,gc_count
methods,154000,0.0,0.0,0.0,0.0,0.0,,gc_count
methods,189000,0.0,0.0,0.0,0.0,0.0,,gc_count
methods,233000,0.0,0.0,0.0,0.0,0.0,,gc_count
methods,286000,0.0,0.0,0.0,0.0,0.0,,gc_count
methods,351000,0.0,0.0,0.0,0.0,0.0,,gc_count
methods,431000,0.0,0.0,0.0,0.0,0.0,,gc_count
methods,530000,0.0,0.0,0.0,0.0,0.0,,gc_count
methods,651000,0.0,0.0,0.0,0.0,0.0,,gc_count
methods,800000,0.0,0.0,0.0,0.0,0.0,,gc_count
properties,16000,0.0,0.0,0.0,0.0,0.0,,gc_count
properties,19700,0.0,0.0,0.0,0.0,0.0,,gc_count
properties,24200,0.0,0.0,0.0,0.0,0.0,,gc_count
properties,29700,0.0,0.0,0.0,0.0,0.0,,gc_count
properties,36500,0.0,0.0,0.0,0.0,0.0,,gc_count
properties,44800,0.0,0.0,0.0,0.0,0.0,,gc_count
properties,55000,0.0,0.0,0.0,0.0,0.0,,gc_count
properties,67600,0.0,0.0,0.0,0.0,0.0,,gc_count
properties,83100,0.0,0.0,0.0,0.0,0.0,,gc_count
properties,102000,0.0,0.0,0.0,0.0,0.0,,gc_count
properties,125000,0.0,0.0,0.0,0.0,0.0,,gc_count
properties,154000,0.0,0.0,0.0,0.0,0.0,,gc_count
properties,189000,0.0,0.0,0.0,0.0,0.0,,gc_count
properties,233000,0.0,0.0,0.0,0.0,0.0,,gc_count
properties,286000,0.0,0.0,0.0,0.0,0.0,,gc_count
properties,351000,0.0,0.0,0.0,0.0,0.0,,gc_count
properties,431000,0.0,0.0,0.0,0.0,0.0,,gc_count
properties,530000,0.0,0.0,0.0,0.0,0.0,,gc_count
properties,651000,0.0,0.0,0.0,0.0,0.0,,gc_count
properties,800000,0.0,0.0,0.0,0.0,0.0,,gc_count
recursion,12,0.0,0.0,0.0,0.0,0.0,,gc_count
recursion,13,0.0,0.0,0.0,0.0,0.0,,gc_count
recursion,14,0.0,0.0,0.0,0.0,0.0,,gc_count
recursion,15,0.0,0.0,0.0,0.0,0.0,,gc_count
recursion,16,0.0,0.0,0.0,0.0,0.0,,gc_count
recursion,17,0.0,0.0,0.0,0.0,0.0,,gc_count
recursion,18,0.0,0.0,0.0,0.0,0.0,,gc_count
recursion,19,0.0,0.0,0.0,0.0,0.0,,gc_count
recursion,20,0.0,0.0,0.0,0.0,0.0,,gc_count
recursion,21,0.0,0.0,0.0,0.0,0.0,,gc_count
recursion,22,0.0,0.0,0.0,0.0,0.0,,gc_count
recursion,23,0.0,0.0,0.0,0.0,0.0,,gc_count
recursion,24,0.0,0.0,0.0,0.0,0.0,,gc_count
recursion,25,0.0,0.0,0.0,0.0,0.0,,gc_count
recursion,26,0.0,0.0,0.0,0.0,0.0,,gc_count
recursion,27,0.0,0.0,0.0,0.0,0.0,,gc_count
recursion,28,0.0,0.0,0.0,0.0,0.0,,gc_count
recursion,29,0.0,0.0,0.0,0.0,0.0,,gc_count
recursion,30,0.0,0.0,0.0,0.0,0.0,,gc_count
recursion,31,0.0,0.0,0.0,0.0,0.0,,gc_count
string_concat,2500,124.0,124.0,0.0,124.0,124.0,0.0,gc_count
string_concat,2820,160.0,160.0,0.0,160.0,160.0,0.0,gc_count
string_concat,3190,206.0,206.0,0.0,206.0,206.0,0.0,gc_count
string_concat,3600,261.0,261.0,0.0,261.0,261.0,0.0,gc_count
string_concat,4060,327.0,327.0,0.0,327.0,327.0,0.0,gc_count
string_concat,4580,410.0,410.0,0.0,410.0,410.0,0.0,gc_count
string_concat,5170,508.0,508.0,0.0,508.0,508.0,0.0,gc_count
string_concat,5840,627.0,627.0,0.0,627.0,627.0,0.0,gc_count
string_concat,6590,777.0,777.0,0.0,777.0,777.0,0.0,gc_count
string_concat,7440,947.0,947.0,0.0,947.0,947.0,0.0,gc_count
string_concat,8400,1139.0,1139.0,0.0,1139.0,1139.0,0.0,gc_count
string_concat,9480,1406.0,1406.0,0.0,1406.0,1406.0,0.0,gc_count
string_concat,10700,1711.0,1711.0,0.0,1711.0,1711.0,0.0,gc_count
string_concat,12100,2061.0,2061.0,0.0,2061.0,2061.0,0.0,gc_count
string_concat,13600,2436.0,2436.0,0.0,2436.0,2436.0,0.0,gc_count
string_concat,15400,2886.0,2886.0,0.0,2886.0,2886.0,0.0,gc_count
string_concat,17400,3427.0,3427.0,0.0,3427.0,3427.0,0.0,gc_count
string_concat,19600,4160.0,4160.0,0.0,4160.0,4160.0,0.0,gc_count
string_concat,22100,4993.0,4993.0,0.0,4993.0,4993.0,0.0,gc_count
string_concat,25000,5960.0,5960.0,0.0,5960.0,5960.0,0.0,gc_count
arithmetic,40000,0.0,0.0,0.0,0.0,0.0,,gc_ms
arithmetic,49100,0.0,0.0,0.0,0.0,0.0,,gc_ms
arithmetic,60400,0.0,0.0,0.0,0.0,0.0,,gc_ms
arithmetic,74200,0.0,0.0,0.0,0.0,0.0,,gc_ms
arithmetic,91100,0.0,0.0,0.0,0.0,0.0,,gc_ms
arithmetic,112000,0.0,0.0,0.0,0.0,0.0,,gc_ms
arithmetic,138000,0.0,0.0,0.0,0.0,0.0,,gc_ms
arithmetic,169000,0.0,0.0,0.0,0.0,0.0,,gc_ms
arithmetic,208000,0.0,0.0,0.0,0.0,0.0,,gc_ms
arithmetic,255000,0.0,0.0,0.0,0.0,0.0,,gc_ms
arithmetic,314000,0.0,0.0,0.0,0.0,0.0,,gc_ms
arithmetic,385000,0.0,0.0,0.0,0.0,0.0,,gc_ms
arithmetic,473000,0.0,0.0,0.0,0.0,0.0,,gc_ms
arithmetic,581000,0.0,0.0,0.0,0.0,0.0,,gc_ms
arithmetic,714000,0.0,0.0,0.0,0.0,0.0,,gc_ms
arithmetic,878000,0.0,0.0,0.0,0.0,0.0,,gc_ms
arithmetic,1080000,0.0,0.0,0.0,0.0,0.0,,gc_ms
arithmetic,1320000,0.0,0.0,0.0,0.0,0.0,,gc_ms
arithmetic,1630000,0.0,0.0,0.0,0.0,0.0,,gc_ms
arithmetic,2000000,0.0,0.0,0.0,0.0,0.0,,gc_ms
classes,12000,2.675,2.0,3.3846372376916896,0.0,15.0,1.2652849486697906,gc_ms
classes,14700,3.925,3.0,3.9896500714107357,0.0,15.0,1.016471355773436,gc_ms
classes,18100,4.275,3.0,4.420160688574625,0.0,16.0,1.0339557166256432,gc_ms
classes,22300,6.3,5.5,5.350293545745039,0.0,21.0,0.8492529437690538,gc_ms
classes,27300,8.35,7.0,5.544921446346543,0.0,21.0,0.6640624486642567,gc_ms
classes,33600,8.75,7.0,5.732274797929209,2.0,25.0,0.6551171197633382,gc_ms
classes,41300,9.1,8.0,4.168256107097904,2.0,20.0,0.45805012165911035,gc_ms
classes,50700,12.55,10.0,8.348038307874706,3.0,34.0,0.6651823352888212,gc_ms
classes,62300,11.875,10.0,8.029393118172372,0.0,46.0,0.6761594204776734,gc_ms
classes,76600,14.15,14.0,6.391300176702543,0.0,28.0,0.45168199128639874,gc_ms
classes,94100,17.475,16.5,9.795308924330918,2.0,51.0,0.5605326995325275,gc_ms
classes,116000,28.0,26.0,9.692714684169651,6.0,51.0,0.3461683815774875,gc_ms
classes,142000,24.65,24.0,9.85679513109663,7.0,47.0,0.39986998503434606,gc_ms
classes,174000,33.2,30.5,13.441611624984672,6.0,59.0,0.40486782002965876,gc_ms
classes,214000,43.25,42.0,20.882761876479453,11.0,88.0,0.48283842488969836,gc_ms
classes,263000,50.925,53.0,12.593012918240587,22.0,84.0,0.24728547703957954,gc_ms
classes,324000,54.6,52.5,21.902815648526406,16.0,105.0,0.4011504697532309,gc_ms
classes,397000,77.1,81.0,20.804092299599525,24.0,124.0,0.2698325849494102,gc_ms
classes,488000,94.5,90.5,30.068298324024997,46.0,157.0,0.3181830510478836,gc_ms
classes,600000,119.425,120.0,29.643079790858092,45.0,166.0,0.24821502860253794,gc_ms
closures,14000,0.0,0.0,0.0,0.0,0.0,,gc_ms
closures,17200,0.0,0.0,0.0,0.0,0.0,,gc_ms
closures,21100,4.875,4.0,3.810831391892837,0.0,21.0,0.7817090034651973,gc_ms
closures,26000,5.625,4.0,6.188026071912324,0.0,39.0,1.1000935238955243,gc_ms
closures,31900,7.125,6.5,4.614289399969043,0.0,20.0,0.6476195649079358,gc_ms
closures,39200,8.0,7.0,5.223222308312301,0.0,18.0,0.6529027885390376,gc_ms
closures,48200,8.5,7.5,5.0990195135927845,0.0,17.0,0.5998846486579746,gc_ms
closures,59200,12.225,11.5,6.669822970779544,0.0,35.0,0.5455887910658114,gc_ms
closures,72700,12.65,12.0,4.817436279567412,3.0,24.0,0.3808250023373448,gc_ms
closures,89300,17.475,16.0,9.206985920679456,5.0,49.0,0.5268661471061205,gc_ms
closures,110000,20.65,20.0,9.051278419408002,7.0,44.0,0.4383185675258112,gc_ms
closures,135000,23.325,22.5,11.748185893782571,4.0,47.0,0.5036735645780309,gc_ms
closures,166000,27.775,27.0,10.761964123470761,6.0,49.0,0.3874694553904865,gc_ms
closures,204000,34.275,28.5,14.966608131916832,13.0,73.0,0.4366625275541016,gc_ms
closures,250000,39.1,36.0,15.428578211910054,10.0,75.0,0.3945927931434796,gc_ms
closures,307000,48.225,49.0,14.217157384743413,17.0,73.0,0.2948088623067582,gc_ms
closures,377000,55.85,54.0,18.115795629285824,20.0,90.0,0.32436518584218127,gc_ms
closures,464000,69.275,71.0,27.390797163112452,24.0,160.0,0.3953922362051599,gc_ms
closures,570000,97.925,97.0,23.238327646258707,51.0,151.0,0.23730740511880222,gc_ms
closures,700000,120.75,120.5,34.40017143666285,32.0,191.0,0.28488754812971306,gc_ms
control_flow,20000,0.0,0.0,0.0,0.0,0.0,,gc_ms
control_flow,24600,0.0,0.0,0.0,0.0,0.0,,gc_ms
control_flow,30200,0.0,0.0,0.0,0.0,0.0,,gc_ms
control_flow,37100,0.0,0.0,0.0,0.0,0.0,,gc_ms
control_flow,45600,0.0,0.0,0.0,0.0,0.0,,gc_ms
control_flow,56000,0.0,0.0,0.0,0.0,0.0,,gc_ms
control_flow,68800,0.0,0.0,0.0,0.0,0.0,,gc_ms
control_flow,84500,0.0,0.0,0.0,0.0,0.0,,gc_ms
control_flow,104000,0.0,0.0,0.0,0.0,0.0,,gc_ms
control_flow,128000,0.0,0.0,0.0,0.0,0.0,,gc_ms
control_flow,157000,0.0,0.0,0.0,0.0,0.0,,gc_ms
control_flow,193000,0.0,0.0,0.0,0.0,0.0,,gc_ms
control_flow,237000,0.0,0.0,0.0,0.0,0.0,,gc_ms
control_flow,291000,0.0,0.0,0.0,0.0,0.0,,gc_ms
control_flow,357000,0.0,0.0,0.0,0.0,0.0,,gc_ms
control_flow,439000,0.0,0.0,0.0,0.0,0.0,,gc_ms
control_flow,539000,0.0,0.0,0.0,0.0,0.0,,gc_ms
control_flow,662000,0.0,0.0,0.0,0.0,0.0,,gc_ms
control_flow,814000,0.0,0.0,0.0,0.0,0.0,,gc_ms
control_flow,1000000,0.0,0.0,0.0,0.0,0.0,,gc_ms
gc_stress,6000,6.8,7.0,4.170715981084278,0.0,16.0,0.6133405854535703,gc_ms
gc_stress,7370,10.675,10.5,5.3941444986016895,0.0,22.0,0.5053062762156149,gc_ms
gc_stress,9060,10.375,11.0,4.865827992364922,2.0,23.0,0.46899546914360696,gc_ms
gc_stress,11100,14.55,14.0,6.8123191577973135,3.0,31.0,0.4682006294018772,gc_ms
gc_stress,13700,19.55,20.0,5.425249610233001,10.0,31.0,0.2775063739249617,gc_ms
gc_stress,16800,19.5,18.0,7.4764587805615506,6.0,42.0,0.3834081425929,gc_ms
gc_stress,20600,24.15,23.5,7.617624638179878,10.0,41.0,0.31542959164305917,gc_ms
gc_stress,25400,31.475,31.5,9.358904987449254,13.0,50.0,0.2973440822064894,gc_ms
gc_stress,31200,36.875,33.0,17.440282725301827,9.0,114.0,0.4729568196692021,gc_ms
gc_stress,38300,39.125,39.0,16.011514286399947,16.0,109.0,0.409239981761021,gc_ms
gc_stress,47000,61.825,57.5,20.226775222398555,31.0,130.0,0.32716175046338136,gc_ms
gc_stress,57800,61.25,63.0,14.138055572978038,36.0,95.0,0.2308253971098455,gc_ms
gc_stress,71000,59.95,60.5,15.298650853873289,36.0,102.0,0.25519017270847855,gc_ms
gc_stress,87200,82.925,84.0,17.512468085953458,43.0,118.0,0.2111844206928364,gc_ms
gc_stress,107000,104.625,105.0,17.22503767998558,66.0,140.0,0.16463596348851212,gc_ms
gc_stress,132000,168.85,165.0,28.719286827799817,118.0,261.0,0.1700875737506652,gc_ms
gc_stress,162000,177.475,174.0,27.759024866490922,132.0,228.0,0.15641090219180687,gc_ms
gc_stress,199000,196.725,190.5,29.21185876160043,155.0,289.0,0.14849083116838444,gc_ms
gc_stress,244000,248.45,245.5,25.20068171646075,202.0,324.0,0.10143160280322298,gc_ms
gc_stress,300000,335.2,326.0,40.733782363549615,271.0,428.0,0.12152083044018382,gc_ms
globals,14000,0.0,0.0,0.0,0.0,0.0,,gc_ms
globals,17200,0.0,0.0,0.0,0.0,0.0,,gc_ms
globals,21100,0.0,0.0,0.0,0.0,0.0,,gc_ms
globals,26000,0.0,0.0,0.0,0.0,0.0,,gc_ms
globals,31900,0.0,0.0,0.0,0.0,0.0,,gc_ms
globals,39200,0.0,0.0,0.0,0.0,0.0,,gc_ms
globals,48200,0.0,0.0,0.0,0.0,0.0,,gc_ms
globals,59200,0.0,0.0,0.0,0.0,0.0,,gc_ms
globals,72700,0.0,0.0,0.0,0.0,0.0,,gc_ms
globals,89300,0.0,0.0,0.0,0.0,0.0,,gc_ms
globals,110000,0.0,0.0,0.0,0.0,0.0,,gc_ms
globals,135000,0.0,0.0,0.0,0.0,0.0,,gc_ms
globals,166000,0.0,0.0,0.0,0.0,0.0,,gc_ms
globals,204000,0.0,0.0,0.0,0.0,0.0,,gc_ms
globals,250000,0.0,0.0,0.0,0.0,0.0,,gc_ms
globals,307000,0.0,0.0,0.0,0.0,0.0,,gc_ms
globals,377000,0.0,0.0,0.0,0.0,0.0,,gc_ms
globals,464000,0.0,0.0,0.0,0.0,0.0,,gc_ms
globals,570000,0.0,0.0,0.0,0.0,0.0,,gc_ms
globals,700000,0.0,0.0,0.0,0.0,0.0,,gc_ms
integrated,8000,5.95,5.0,5.158761528973841,0.0,20.0,0.8670187443653514,gc_ms
integrated,9830,5.975,5.0,5.0661647862091534,0.0,22.0,0.8478936880684776,gc_ms
integrated,12100,7.725,7.0,5.144015691645723,0.0,22.0,0.6658919989185402,gc_ms
integrated,14800,8.475,7.0,6.0806017752125445,0.0,28.0,0.7174751357182944,gc_ms
integrated,18200,7.175,6.0,5.9995192115061,0.0,28.0,0.8361699249485854,gc_ms
integrated,22400,10.75,9.0,6.624546428595348,0.0,30.0,0.6162368770786371,gc_ms
integrated,27500,12.825,12.5,6.721139631693269,1.0,30.0,0.5240654683581497,gc_ms
integrated,33800,14.625,12.0,9.593500738013024,2.0,41.0,0.655965862428241,gc_ms
integrated,41500,18.925,17.5,9.632710032182144,1.0,45.0,0.5089939250822797,gc_ms
integrated,51000,21.05,20.5,11.942060982628606,2.0,42.0,0.5673188115262996,gc_ms
integrated,62700,23.45,21.0,12.241061626492604,5.0,51.0,0.5220068923877443,gc_ms
integrated,77000,28.65,29.5,11.155198856966269,9.0,51.0,0.38936121664803736,gc_ms
integrated,94700,36.75,34.0,17.885318431177435,9.0,83.0,0.4866753314606105,gc_ms
integrated,116000,45.2,46.5,20.837835410987022,2.0,78.0,0.4610140577651996,gc_ms
integrated,143000,58.6,57.0,23.427794144168555,22.0,113.0,0.3997917089448559,gc_ms
integrated,176000,80.275,82.0,26.94913299590117,31.0,149.0,0.33571015877796534,gc_ms
integrated,216000,85.875,80.5,26.093704418047093,38.0,146.0,0.3038568200063708,gc_ms
integrated,265000,97.45,100.0,37.277166999212525,27.0,167.0,0.3825260851638022,gc_ms
integrated,326000,125.3,112.0,42.7312411984367,48.0,261.0,0.3410314540976592,gc_ms
integrated,400000,164.225,157.5,46.55599743788008,75.0,280.0,0.28348909994142235,gc_ms
locals,28000,0.0,0.0,0.0,0.0,0.0,,gc_ms
locals,34400,0.0,0.0,0.0,0.0,0.0,,gc_ms
locals,42300,0.0,0.0,0.0,0.0,0.0,,gc_ms
locals,51900,0.0,0.0,0.0,0.0,0.0,,gc_ms
locals,63800,0.0,0.0,0.0,0.0,0.0,,gc_ms
locals,78400,0.0,0.0,0.0,0.0,0.0,,gc_ms
locals,96300,0.0,0.0,0.0,0.0,0.0,,gc_ms
locals,118000,0.0,0.0,0.0,0.0,0.0,,gc_ms
locals,145000,0.0,0.0,0.0,0.0,0.0,,gc_ms
locals,179000,0.0,0.0,0.0,0.0,0.0,,gc_ms
locals,219000,0.0,0.0,0.0,0.0,0.0,,gc_ms
locals,270000,0.0,0.0,0.0,0.0,0.0,,gc_ms
locals,331000,0.0,0.0,0.0,0.0,0.0,,gc_ms
locals,407000,0.0,0.0,0.0,0.0,0.0,,gc_ms
locals,500000,0.0,0.0,0.0,0.0,0.0,,gc_ms
locals,614000,0.0,0.0,0.0,0.0,0.0,,gc_ms
locals,755000,0.0,0.0,0.0,0.0,0.0,,gc_ms
locals,927000,0.0,0.0,0.0,0.0,0.0,,gc_ms
locals,1140000,0.0,0.0,0.0,0.0,0.0,,gc_ms
locals,1400000,0.0,0.0,0.0,0.0,0.0,,gc_ms
methods,16000,0.0,0.0,0.0,0.0,0.0,,gc_ms
methods,19700,0.0,0.0,0.0,0.0,0.0,,gc_ms
methods,24200,0.0,0.0,0.0,0.0,0.0,,gc_ms
methods,29700,0.0,0.0,0.0,0.0,0.0,,gc_ms
methods,36500,0.0,0.0,0.0,0.0,0.0,,gc_ms
methods,44800,0.0,0.0,0.0,0.0,0.0,,gc_ms
methods,55000,0.0,0.0,0.0,0.0,0.0,,gc_ms
methods,67600,0.0,0.0,0.0,0.0,0.0,,gc_ms
methods,83100,0.0,0.0,0.0,0.0,0.0,,gc_ms
methods,102000,0.0,0.0,0.0,0.0,0.0,,gc_ms
methods,125000,0.0,0.0,0.0,0.0,0.0,,gc_ms
methods,154000,0.0,0.0,0.0,0.0,0.0,,gc_ms
methods,189000,0.0,0.0,0.0,0.0,0.0,,gc_ms
methods,233000,0.0,0.0,0.0,0.0,0.0,,gc_ms
methods,286000,0.0,0.0,0.0,0.0,0.0,,gc_ms
methods,351000,0.0,0.0,0.0,0.0,0.0,,gc_ms
methods,431000,0.0,0.0,0.0,0.0,0.0,,gc_ms
methods,530000,0.0,0.0,0.0,0.0,0.0,,gc_ms
methods,651000,0.0,0.0,0.0,0.0,0.0,,gc_ms
methods,800000,0.0,0.0,0.0,0.0,0.0,,gc_ms
properties,16000,0.0,0.0,0.0,0.0,0.0,,gc_ms
properties,19700,0.0,0.0,0.0,0.0,0.0,,gc_ms
properties,24200,0.0,0.0,0.0,0.0,0.0,,gc_ms
properties,29700,0.0,0.0,0.0,0.0,0.0,,gc_ms
properties,36500,0.0,0.0,0.0,0.0,0.0,,gc_ms
properties,44800,0.0,0.0,0.0,0.0,0.0,,gc_ms
properties,55000,0.0,0.0,0.0,0.0,0.0,,gc_ms
properties,67600,0.0,0.0,0.0,0.0,0.0,,gc_ms
properties,83100,0.0,0.0,0.0,0.0,0.0,,gc_ms
properties,102000,0.0,0.0,0.0,0.0,0.0,,gc_ms
properties,125000,0.0,0.0,0.0,0.0,0.0,,gc_ms
properties,154000,0.0,0.0,0.0,0.0,0.0,,gc_ms
properties,189000,0.0,0.0,0.0,0.0,0.0,,gc_ms
properties,233000,0.0,0.0,0.0,0.0,0.0,,gc_ms
properties,286000,0.0,0.0,0.0,0.0,0.0,,gc_ms
properties,351000,0.0,0.0,0.0,0.0,0.0,,gc_ms
properties,431000,0.0,0.0,0.0,0.0,0.0,,gc_ms
properties,530000,0.0,0.0,0.0,0.0,0.0,,gc_ms
properties,651000,0.0,0.0,0.0,0.0,0.0,,gc_ms
properties,800000,0.0,0.0,0.0,0.0,0.0,,gc_ms
recursion,12,0.0,0.0,0.0,0.0,0.0,,gc_ms
recursion,13,0.0,0.0,0.0,0.0,0.0,,gc_ms
recursion,14,0.0,0.0,0.0,0.0,0.0,,gc_ms
recursion,15,0.0,0.0,0.0,0.0,0.0,,gc_ms
recursion,16,0.0,0.0,0.0,0.0,0.0,,gc_ms
recursion,17,0.0,0.0,0.0,0.0,0.0,,gc_ms
recursion,18,0.0,0.0,0.0,0.0,0.0,,gc_ms
recursion,19,0.0,0.0,0.0,0.0,0.0,,gc_ms
recursion,20,0.0,0.0,0.0,0.0,0.0,,gc_ms
recursion,21,0.0,0.0,0.0,0.0,0.0,,gc_ms
recursion,22,0.0,0.0,0.0,0.0,0.0,,gc_ms
recursion,23,0.0,0.0,0.0,0.0,0.0,,gc_ms
recursion,24,0.0,0.0,0.0,0.0,0.0,,gc_ms
recursion,25,0.0,0.0,0.0,0.0,0.0,,gc_ms
recursion,26,0.0,0.0,0.0,0.0,0.0,,gc_ms
recursion,27,0.0,0.0,0.0,0.0,0.0,,gc_ms
recursion,28,0.0,0.0,0.0,0.0,0.0,,gc_ms
recursion,29,0.0,0.0,0.0,0.0,0.0,,gc_ms
recursion,30,0.0,0.0,0.0,0.0,0.0,,gc_ms
recursion,31,0.0,0.0,0.0,0.0,0.0,,gc_ms
string_concat,2500,10.275,9.5,6.713887253393674,0.0,36.0,0.6534196840285814,gc_ms
string_concat,2820,10.675,10.0,6.370555263002933,0.0,24.0,0.5967733267450054,gc_ms
string_concat,3190,12.95,12.0,6.084659146006202,1.0,26.0,0.46985784911244804,gc_ms
string_concat,3600,14.0,14.0,5.795665931516722,4.0,27.0,0.41397613796548016,gc_ms
string_concat,4060,13.475,12.0,7.168261599507538,0.0,29.0,0.5319674656406337,gc_ms
string_concat,4580,17.05,17.5,9.31486267567411,1.0,35.0,0.5463262566377777,gc_ms
string_concat,5170,25.375,24.5,11.231109496074755,8.0,54.0,0.44260530033792134,gc_ms
string_concat,5840,27.875,27.0,10.583459518730885,7.0,58.0,0.37967567780200484,gc_ms
string_concat,6590,25.225,23.0,11.960377963327122,6.0,53.0,0.4741477884371505,gc_ms
string_concat,7440,28.075,27.0,11.642952088423849,10.0,62.0,0.41470889005962064,gc_ms
string_concat,8400,32.05,31.0,11.471145517653392,5.0,56.0,0.3579140567130544,gc_ms
string_concat,9480,44.975,38.5,20.049282230262456,21.0,124.0,0.44578726470844815,gc_ms
string_concat,10700,47.525,45.0,19.90102110510013,16.0,105.0,0.4187484714381932,gc_ms
string_concat,12100,49.45,49.0,18.012744775823986,19.0,89.0,0.36426177504194107,gc_ms
string_concat,13600,50.625,48.0,20.98435009043522,21.0,114.0,0.4145056807987204,gc_ms
string_concat,15400,65.675,66.5,27.67335801072475,17.0,141.0,0.42136822247011424,gc_ms
string_concat,17400,76.5,77.5,22.37901947853197,34.0,147.0,0.2925362023337512,gc_ms
string_concat,19600,88.025,80.5,38.49507960566069,37.0,185.0,0.43731984783482747,gc_ms
string_concat,22100,108.25,108.0,38.493922264197124,50.0,229.0,0.3556020532489342,gc_ms
string_concat,25000,103.625,110.0,31.998146981605206,45.0,170.0,0.30878790814576795,gc_ms
arithmetic,40000,1145.0,1145.0,0.0,1145.0,1145.0,0.0,peak_heap_bytes
arithmetic,49100,1145.0,1145.0,0.0,1145.0,1145.0,0.0,peak_heap_bytes
arithmetic,60400,1145.0,1145.0,0.0,1145.0,1145.0,0.0,peak_heap_bytes
arithmetic,74200,1145.0,1145.0,0.0,1145.0,1145.0,0.0,peak_heap_bytes
arithmetic,91100,1145.0,1145.0,0.0,1145.0,1145.0,0.0,peak_heap_bytes
arithmetic,112000,1145.0,1145.0,0.0,1145.0,1145.0,0.0,peak_heap_bytes
arithmetic,138000,1145.0,1145.0,0.0,1145.0,1145.0,0.0,peak_heap_bytes
arithmetic,169000,1145.0,1145.0,0.0,1145.0,1145.0,0.0,peak_heap_bytes
arithmetic,208000,1145.0,1145.0,0.0,1145.0,1145.0,0.0,peak_heap_bytes
arithmetic,255000,1145.0,1145.0,0.0,1145.0,1145.0,0.0,peak_heap_bytes
arithmetic,314000,1145.0,1145.0,0.0,1145.0,1145.0,0.0,peak_heap_bytes
arithmetic,385000,1145.0,1145.0,0.0,1145.0,1145.0,0.0,peak_heap_bytes
arithmetic,473000,1145.0,1145.0,0.0,1145.0,1145.0,0.0,peak_heap_bytes
arithmetic,581000,1145.0,1145.0,0.0,1145.0,1145.0,0.0,peak_heap_bytes
arithmetic,714000,1145.0,1145.0,0.0,1145.0,1145.0,0.0,peak_heap_bytes
arithmetic,878000,1145.0,1145.0,0.0,1145.0,1145.0,0.0,peak_heap_bytes
arithmetic,1080000,1145.0,1145.0,0.0,1145.0,1145.0,0.0,peak_heap_bytes
arithmetic,1320000,1145.0,1145.0,0.0,1145.0,1145.0,0.0,peak_heap_bytes
arithmetic,1630000,1145.0,1145.0,0.0,1145.0,1145.0,0.0,peak_heap_bytes
arithmetic,2000000,1145.0,1145.0,0.0,1145.0,1145.0,0.0,peak_heap_bytes
classes,12000,1048657.0,1048657.0,0.0,1048657.0,1048657.0,0.0,peak_heap_bytes
classes,14700,1048657.0,1048657.0,0.0,1048657.0,1048657.0,0.0,peak_heap_bytes
classes,18100,1048657.0,1048657.0,0.0,1048657.0,1048657.0,0.0,peak_heap_bytes
classes,22300,1048657.0,1048657.0,0.0,1048657.0,1048657.0,0.0,peak_heap_bytes
classes,27300,1048657.0,1048657.0,0.0,1048657.0,1048657.0,0.0,peak_heap_bytes
classes,33600,1048657.0,1048657.0,0.0,1048657.0,1048657.0,0.0,peak_heap_bytes
classes,41300,1048657.0,1048657.0,0.0,1048657.0,1048657.0,0.0,peak_heap_bytes
classes,50700,1048657.0,1048657.0,0.0,1048657.0,1048657.0,0.0,peak_heap_bytes
classes,62300,1048657.0,1048657.0,0.0,1048657.0,1048657.0,0.0,peak_heap_bytes
classes,76600,1048657.0,1048657.0,0.0,1048657.0,1048657.0,0.0,peak_heap_bytes
classes,94100,1048657.0,1048657.0,0.0,1048657.0,1048657.0,0.0,peak_heap_bytes
classes,116000,1048657.0,1048657.0,0.0,1048657.0,1048657.0,0.0,peak_heap_bytes
classes,142000,1048657.0,1048657.0,0.0,1048657.0,1048657.0,0.0,peak_heap_bytes
classes,174000,1048657.0,1048657.0,0.0,1048657.0,1048657.0,0.0,peak_heap_bytes
classes,214000,1048657.0,1048657.0,0.0,1048657.0,1048657.0,0.0,peak_heap_bytes
classes,263000,1048657.0,1048657.0,0.0,1048657.0,1048657.0,0.0,peak_heap_bytes
classes,324000,1048657.0,1048657.0,0.0,1048657.0,1048657.0,0.0,peak_heap_bytes
classes,397000,1048657.0,1048657.0,0.0,1048657.0,1048657.0,0.0,peak_heap_bytes
classes,488000,1048657.0,1048657.0,0.0,1048657.0,1048657.0,0.0,peak_heap_bytes
classes,600000,1048657.0,1048657.0,0.0,1048657.0,1048657.0,0.0,peak_heap_bytes
closures,14000,842577.0,842577.0,0.0,842577.0,842577.0,0.0,peak_heap_bytes
closures,17200,1034577.0,1034577.0,0.0,1034577.0,1034577.0,0.0,peak_heap_bytes
closures,21100,1048585.0,1048585.0,0.0,1048585.0,1048585.0,0.0,peak_heap_bytes
closures,26000,1048585.0,1048585.0,0.0,1048585.0,1048585.0,0.0,peak_heap_bytes
closures,31900,1048585.0,1048585.0,0.0,1048585.0,1048585.0,0.0,peak_heap_bytes
closures,39200,1048585.0,1048585.0,0.0,1048585.0,1048585.0,0.0,peak_heap_bytes
closures,48200,1048585.0,1048585.0,0.0,1048585.0,1048585.0,0.0,peak_heap_bytes
closures,59200,1048585.0,1048585.0,0.0,1048585.0,1048585.0,0.0,peak_heap_bytes
closures,72700,1048585.0,1048585.0,0.0,1048585.0,1048585.0,0.0,peak_heap_bytes
closures,89300,1048585.0,1048585.0,0.0,1048585.0,1048585.0,0.0,peak_heap_bytes
closures,110000,1048585.0,1048585.0,0.0,1048585.0,1048585.0,0.0,peak_heap_bytes
closures,135000,1048585.0,1048585.0,0.0,1048585.0,1048585.0,0.0,peak_heap_bytes
closures,166000,1048585.0,1048585.0,0.0,1048585.0,1048585.0,0.0,peak_heap_bytes
closures,204000,1048585.0,1048585.0,0.0,1048585.0,1048585.0,0.0,peak_heap_bytes
closures,250000,1048585.0,1048585.0,0.0,1048585.0,1048585.0,0.0,peak_heap_bytes
closures,307000,1048585.0,1048585.0,0.0,1048585.0,1048585.0,0.0,peak_heap_bytes
closures,377000,1048585.0,1048585.0,0.0,1048585.0,1048585.0,0.0,peak_heap_bytes
closures,464000,1048585.0,1048585.0,0.0,1048585.0,1048585.0,0.0,peak_heap_bytes
closures,570000,1048585.0,1048585.0,0.0,1048585.0,1048585.0,0.0,peak_heap_bytes
closures,700000,1048585.0,1048585.0,0.0,1048585.0,1048585.0,0.0,peak_heap_bytes
control_flow,20000,2169.0,2169.0,0.0,2169.0,2169.0,0.0,peak_heap_bytes
control_flow,24600,2169.0,2169.0,0.0,2169.0,2169.0,0.0,peak_heap_bytes
control_flow,30200,2169.0,2169.0,0.0,2169.0,2169.0,0.0,peak_heap_bytes
control_flow,37100,2169.0,2169.0,0.0,2169.0,2169.0,0.0,peak_heap_bytes
control_flow,45600,2169.0,2169.0,0.0,2169.0,2169.0,0.0,peak_heap_bytes
control_flow,56000,2169.0,2169.0,0.0,2169.0,2169.0,0.0,peak_heap_bytes
control_flow,68800,2169.0,2169.0,0.0,2169.0,2169.0,0.0,peak_heap_bytes
control_flow,84500,2169.0,2169.0,0.0,2169.0,2169.0,0.0,peak_heap_bytes
control_flow,104000,2169.0,2169.0,0.0,2169.0,2169.0,0.0,peak_heap_bytes
control_flow,128000,2169.0,2169.0,0.0,2169.0,2169.0,0.0,peak_heap_bytes
control_flow,157000,2169.0,2169.0,0.0,2169.0,2169.0,0.0,peak_heap_bytes
control_flow,193000,2169.0,2169.0,0.0,2169.0,2169.0,0.0,peak_heap_bytes
control_flow,237000,2169.0,2169.0,0.0,2169.0,2169.0,0.0,peak_heap_bytes
control_flow,291000,2169.0,2169.0,0.0,2169.0,2169.0,0.0,peak_heap_bytes
control_flow,357000,2169.0,2169.0,0.0,2169.0,2169.0,0.0,peak_heap_bytes
control_flow,439000,2169.0,2169.0,0.0,2169.0,2169.0,0.0,peak_heap_bytes
control_flow,539000,2169.0,2169.0,0.0,2169.0,2169.0,0.0,peak_heap_bytes
control_flow,662000,2169.0,2169.0,0.0,2169.0,2169.0,0.0,peak_heap_bytes
control_flow,814000,2169.0,2169.0,0.0,2169.0,2169.0,0.0,peak_heap_bytes
control_flow,1000000,2169.0,2169.0,0.0,2169.0,2169.0,0.0,peak_heap_bytes
gc_stress,6000,1248563.0,1248563.0,0.0,1248563.0,1248563.0,0.0,peak_heap_bytes
gc_stress,7370,1664771.0,1664771.0,0.0,1664771.0,1664771.0,0.0,peak_heap_bytes
gc_stress,9060,2027315.0,2027315.0,0.0,2027315.0,2027315.0,0.0,peak_heap_bytes
gc_stress,11100,2242283.0,2242283.0,0.0,2242283.0,2242283.0,0.0,peak_heap_bytes
gc_stress,13700,2959571.0,2959571.0,0.0,2959571.0,2959571.0,0.0,peak_heap_bytes
gc_stress,16800,3923339.0,3923339.0,0.0,3923339.0,3923339.0,0.0,peak_heap_bytes
gc_stress,20600,4386347.0,4386347.0,0.0,4386347.0,4386347.0,0.0,peak_heap_bytes
gc_stress,25400,5261507.0,5261507.0,0.0,5261507.0,5261507.0,0.0,peak_heap_bytes
gc_stress,31200,7015571.0,7015571.0,0.0,7015571.0,7015571.0,0.0,peak_heap_bytes
gc_stress,38300,8577443.0,8577443.0,0.0,8577443.0,8577443.0,0.0,peak_heap_bytes
gc_stress,47000,9531227.0,9531227.0,0.0,9531227.0,9531227.0,0.0,peak_heap_bytes
gc_stress,57800,12471827.0,12471827.0,0.0,12471827.0,12471827.0,0.0,peak_heap_bytes
gc_stress,71000,16605827.0,16605827.0,0.0,16605827.0,16605827.0,0.0,peak_heap_bytes
gc_stress,87200,18644435.0,18644435.0,0.0,18644435.0,18644435.0,0.0,peak_heap_bytes
gc_stress,107000,22171907.0,22171907.0,0.0,22171907.0,22171907.0,0.0,peak_heap_bytes
gc_stress,132000,29562563.0,29562563.0,0.0,29562563.0,29562563.0,0.0,peak_heap_bytes
gc_stress,162000,36405971.0,36405971.0,0.0,36405971.0,36405971.0,0.0,peak_heap_bytes
gc_stress,199000,40583027.0,40583027.0,0.0,40583027.0,40583027.0,0.0,peak_heap_bytes
gc_stress,244000,52555715.0,52555715.0,0.0,52555715.0,52555715.0,0.0,peak_heap_bytes
gc_stress,300000,70074515.0,70074515.0,0.0,70074515.0,70074515.0,0.0,peak_heap_bytes
globals,14000,2104.0,2104.0,0.0,2104.0,2104.0,0.0,peak_heap_bytes
globals,17200,2104.0,2104.0,0.0,2104.0,2104.0,0.0,peak_heap_bytes
globals,21100,2104.0,2104.0,0.0,2104.0,2104.0,0.0,peak_heap_bytes
globals,26000,2104.0,2104.0,0.0,2104.0,2104.0,0.0,peak_heap_bytes
globals,31900,2104.0,2104.0,0.0,2104.0,2104.0,0.0,peak_heap_bytes
globals,39200,2104.0,2104.0,0.0,2104.0,2104.0,0.0,peak_heap_bytes
globals,48200,2104.0,2104.0,0.0,2104.0,2104.0,0.0,peak_heap_bytes
globals,59200,2104.0,2104.0,0.0,2104.0,2104.0,0.0,peak_heap_bytes
globals,72700,2104.0,2104.0,0.0,2104.0,2104.0,0.0,peak_heap_bytes
globals,89300,2104.0,2104.0,0.0,2104.0,2104.0,0.0,peak_heap_bytes
globals,110000,2104.0,2104.0,0.0,2104.0,2104.0,0.0,peak_heap_bytes
globals,135000,2104.0,2104.0,0.0,2104.0,2104.0,0.0,peak_heap_bytes
globals,166000,2104.0,2104.0,0.0,2104.0,2104.0,0.0,peak_heap_bytes
globals,204000,2104.0,2104.0,0.0,2104.0,2104.0,0.0,peak_heap_bytes
globals,250000,2104.0,2104.0,0.0,2104.0,2104.0,0.0,peak_heap_bytes
globals,307000,2104.0,2104.0,0.0,2104.0,2104.0,0.0,peak_heap_bytes
globals,377000,2104.0,2104.0,0.0,2104.0,2104.0,0.0,peak_heap_bytes
globals,464000,2104.0,2104.0,0.0,2104.0,2104.0,0.0,peak_heap_bytes
globals,570000,2104.0,2104.0,0.0,2104.0,2104.0,0.0,peak_heap_bytes
globals,700000,2104.0,2104.0,0.0,2104.0,2104.0,0.0,peak_heap_bytes
integrated,8000,1048692.0,1048692.0,0.0,1048692.0,1048692.0,0.0,peak_heap_bytes
integrated,9830,1048692.0,1048692.0,0.0,1048692.0,1048692.0,0.0,peak_heap_bytes
integrated,12100,1048692.0,1048692.0,0.0,1048692.0,1048692.0,0.0,peak_heap_bytes
integrated,14800,1048692.0,1048692.0,0.0,1048692.0,1048692.0,0.0,peak_heap_bytes
integrated,18200,1048692.0,1048692.0,0.0,1048692.0,1048692.0,0.0,peak_heap_bytes
integrated,22400,1048692.0,1048692.0,0.0,1048692.0,1048692.0,0.0,peak_heap_bytes
integrated,27500,1048692.0,1048692.0,0.0,1048692.0,1048692.0,0.0,peak_heap_bytes
integrated,33800,1048692.0,1048692.0,0.0,1048692.0,1048692.0,0.0,peak_heap_bytes
integrated,41500,1048692.0,1048692.0,0.0,1048692.0,1048692.0,0.0,peak_heap_bytes
integrated,51000,1048692.0,1048692.0,0.0,1048692.0,1048692.0,0.0,peak_heap_bytes
integrated,62700,1048692.0,1048692.0,0.0,1048692.0,1048692.0,0.0,peak_heap_bytes
integrated,77000,1048692.0,1048692.0,0.0,1048692.0,1048692.0,0.0,peak_heap_bytes
integrated,94700,1048692.0,1048692.0,0.0,1048692.0,1048692.0,0.0,peak_heap_bytes
integrated,116000,1048692.0,1048692.0,0.0,1048692.0,1048692.0,0.0,peak_heap_bytes
integrated,143000,1048692.0,1048692.0,0.0,1048692.0,1048692.0,0.0,peak_heap_bytes
integrated,176000,1048692.0,1048692.0,0.0,1048692.0,1048692.0,0.0,peak_heap_bytes
integrated,216000,1048692.0,1048692.0,0.0,1048692.0,1048692.0,0.0,peak_heap_bytes
integrated,265000,1048692.0,1048692.0,0.0,1048692.0,1048692.0,0.0,peak_heap_bytes
integrated,326000,1048692.0,1048692.0,0.0,1048692.0,1048692.0,0.0,peak_heap_bytes
integrated,400000,1048692.0,1048692.0,0.0,1048692.0,1048692.0,0.0,peak_heap_bytes
locals,28000,1465.0,1465.0,0.0,1465.0,1465.0,0.0,peak_heap_bytes
locals,34400,1465.0,1465.0,0.0,1465.0,1465.0,0.0,peak_heap_bytes
locals,42300,1465.0,1465.0,0.0,1465.0,1465.0,0.0,peak_heap_bytes
locals,51900,1465.0,1465.0,0.0,1465.0,1465.0,0.0,peak_heap_bytes
locals,63800,1465.0,1465.0,0.0,1465.0,1465.0,0.0,peak_heap_bytes
locals,78400,1465.0,1465.0,0.0,1465.0,1465.0,0.0,peak_heap_bytes
locals,96300,1465.0,1465.0,0.0,1465.0,1465.0,0.0,peak_heap_bytes
locals,118000,1465.0,1465.0,0.0,1465.0,1465.0,0.0,peak_heap_bytes
locals,145000,1465.0,1465.0,0.0,1465.0,1465.0,0.0,peak_heap_bytes
locals,179000,1465.0,1465.0,0.0,1465.0,1465.0,0.0,peak_heap_bytes
locals,219000,1465.0,1465.0,0.0,1465.0,1465.0,0.0,peak_heap_bytes
locals,270000,1465.0,1465.0,0.0,1465.0,1465.0,0.0,peak_heap_bytes
locals,331000,1465.0,1465.0,0.0,1465.0,1465.0,0.0,peak_heap_bytes
locals,407000,1465.0,1465.0,0.0,1465.0,1465.0,0.0,peak_heap_bytes
locals,500000,1465.0,1465.0,0.0,1465.0,1465.0,0.0,peak_heap_bytes
locals,614000,1465.0,1465.0,0.0,1465.0,1465.0,0.0,peak_heap_bytes
locals,755000,1465.0,1465.0,0.0,1465.0,1465.0,0.0,peak_heap_bytes
locals,927000,1465.0,1465.0,0.0,1465.0,1465.0,0.0,peak_heap_bytes
locals,1140000,1465.0,1465.0,0.0,1465.0,1465.0,0.0,peak_heap_bytes
locals,1400000,1465.0,1465.0,0.0,1465.0,1465.0,0.0,peak_heap_bytes
methods,16000,3736.0,3736.0,0.0,3736.0,3736.0,0.0,peak_heap_bytes
methods,19700,3736.0,3736.0,0.0,3736.0,3736.0,0.0,peak_heap_bytes
methods,24200,3736.0,3736.0,0.0,3736.0,3736.0,0.0,peak_heap_bytes
methods,29700,3736.0,3736.0,0.0,3736.0,3736.0,0.0,peak_heap_bytes
methods,36500,3736.0,3736.0,0.0,3736.0,3736.0,0.0,peak_heap_bytes
methods,44800,3736.0,3736.0,0.0,3736.0,3736.0,0.0,peak_heap_bytes
methods,55000,3736.0,3736.0,0.0,3736.0,3736.0,0.0,peak_heap_bytes
methods,67600,3736.0,3736.0,0.0,3736.0,3736.0,0.0,peak_heap_bytes
methods,83100,3736.0,3736.0,0.0,3736.0,3736.0,0.0,peak_heap_bytes
methods,102000,3736.0,3736.0,0.0,3736.0,3736.0,0.0,peak_heap_bytes
methods,125000,3736.0,3736.0,0.0,3736.0,3736.0,0.0,peak_heap_bytes
methods,154000,3736.0,3736.0,0.0,3736.0,3736.0,0.0,peak_heap_bytes
methods,189000,3736.0,3736.0,0.0,3736.0,3736.0,0.0,peak_heap_bytes
methods,233000,3736.0,3736.0,0.0,3736.0,3736.0,0.0,peak_heap_bytes
methods,286000,3736.0,3736.0,0.0,3736.0,3736.0,0.0,peak_heap_bytes
methods,351000,3736.0,3736.0,0.0,3736.0,3736.0,0.0,peak_heap_bytes
methods,431000,3736.0,3736.0,0.0,3736.0,3736.0,0.0,peak_heap_bytes
methods,530000,3736.0,3736.0,0.0,3736.0,3736.0,0.0,peak_heap_bytes
methods,651000,3736.0,3736.0,0.0,3736.0,3736.0,0.0,peak_heap_bytes
methods,800000,3736.0,3736.0,0.0,3736.0,3736.0,0.0,peak_heap_bytes
properties,16000,2593.0,2593.0,0.0,2593.0,2593.0,0.0,peak_heap_bytes
properties,19700,2593.0,2593.0,0.0,2593.0,2593.0,0.0,peak_heap_bytes
properties,24200,2593.0,2593.0,0.0,2593.0,2593.0,0.0,peak_heap_bytes
properties,29700,2593.0,2593.0,0.0,2593.0,2593.0,0.0,peak_heap_bytes
properties,36500,2593.0,2593.0,0.0,2593.0,2593.0,0.0,peak_heap_bytes
properties,44800,2593.0,2593.0,0.0,2593.0,2593.0,0.0,peak_heap_bytes
properties,55000,2593.0,2593.0,0.0,2593.0,2593.0,0.0,peak_heap_bytes
properties,67600,2593.0,2593.0,0.0,2593.0,2593.0,0.0,peak_heap_bytes
properties,83100,2593.0,2593.0,0.0,2593.0,2593.0,0.0,peak_heap_bytes
properties,102000,2593.0,2593.0,0.0,2593.0,2593.0,0.0,peak_heap_bytes
properties,125000,2593.0,2593.0,0.0,2593.0,2593.0,0.0,peak_heap_bytes
properties,154000,2593.0,2593.0,0.0,2593.0,2593.0,0.0,peak_heap_bytes
properties,189000,2593.0,2593.0,0.0,2593.0,2593.0,0.0,peak_heap_bytes
properties,233000,2593.0,2593.0,0.0,2593.0,2593.0,0.0,peak_heap_bytes
properties,286000,2593.0,2593.0,0.0,2593.0,2593.0,0.0,peak_heap_bytes
properties,351000,2593.0,2593.0,0.0,2593.0,2593.0,0.0,peak_heap_bytes
properties,431000,2593.0,2593.0,0.0,2593.0,2593.0,0.0,peak_heap_bytes
properties,530000,2593.0,2593.0,0.0,2593.0,2593.0,0.0,peak_heap_bytes
properties,651000,2593.0,2593.0,0.0,2593.0,2593.0,0.0,peak_heap_bytes
properties,800000,2593.0,2593.0,0.0,2593.0,2593.0,0.0,peak_heap_bytes
recursion,12,1145.0,1145.0,0.0,1145.0,1145.0,0.0,peak_heap_bytes
recursion,13,1145.0,1145.0,0.0,1145.0,1145.0,0.0,peak_heap_bytes
recursion,14,1145.0,1145.0,0.0,1145.0,1145.0,0.0,peak_heap_bytes
recursion,15,1145.0,1145.0,0.0,1145.0,1145.0,0.0,peak_heap_bytes
recursion,16,1145.0,1145.0,0.0,1145.0,1145.0,0.0,peak_heap_bytes
recursion,17,1145.0,1145.0,0.0,1145.0,1145.0,0.0,peak_heap_bytes
recursion,18,1145.0,1145.0,0.0,1145.0,1145.0,0.0,peak_heap_bytes
recursion,19,1145.0,1145.0,0.0,1145.0,1145.0,0.0,peak_heap_bytes
recursion,20,1145.0,1145.0,0.0,1145.0,1145.0,0.0,peak_heap_bytes
recursion,21,1145.0,1145.0,0.0,1145.0,1145.0,0.0,peak_heap_bytes
recursion,22,1145.0,1145.0,0.0,1145.0,1145.0,0.0,peak_heap_bytes
recursion,23,1145.0,1145.0,0.0,1145.0,1145.0,0.0,peak_heap_bytes
recursion,24,1145.0,1145.0,0.0,1145.0,1145.0,0.0,peak_heap_bytes
recursion,25,1145.0,1145.0,0.0,1145.0,1145.0,0.0,peak_heap_bytes
recursion,26,1145.0,1145.0,0.0,1145.0,1145.0,0.0,peak_heap_bytes
recursion,27,1145.0,1145.0,0.0,1145.0,1145.0,0.0,peak_heap_bytes
recursion,28,1145.0,1145.0,0.0,1145.0,1145.0,0.0,peak_heap_bytes
recursion,29,1145.0,1145.0,0.0,1145.0,1145.0,0.0,peak_heap_bytes
recursion,30,1145.0,1145.0,0.0,1145.0,1145.0,0.0,peak_heap_bytes
recursion,31,1145.0,1145.0,0.0,1145.0,1145.0,0.0,peak_heap_bytes
string_concat,2500,1049741.0,1049741.0,0.0,1049741.0,1049741.0,0.0,peak_heap_bytes
string_concat,2820,1049741.0,1049741.0,0.0,1049741.0,1049741.0,0.0,peak_heap_bytes
string_concat,3190,1049741.0,1049741.0,0.0,1049741.0,1049741.0,0.0,peak_heap_bytes
string_concat,3600,1049741.0,1049741.0,0.0,1049741.0,1049741.0,0.0,peak_heap_bytes
string_concat,4060,1049741.0,1049741.0,0.0,1049741.0,1049741.0,0.0,peak_heap_bytes
string_concat,4580,1049741.0,1049741.0,0.0,1049741.0,1049741.0,0.0,peak_heap_bytes
string_concat,5170,1049741.0,1049741.0,0.0,1049741.0,1049741.0,0.0,peak_heap_bytes
string_concat,5840,1049741.0,1049741.0,0.0,1049741.0,1049741.0,0.0,peak_heap_bytes
string_concat,6590,1049741.0,1049741.0,0.0,1049741.0,1049741.0,0.0,peak_heap_bytes
string_concat,7440,1049741.0,1049741.0,0.0,1049741.0,1049741.0,0.0,peak_heap_bytes
string_concat,8400,1049741.0,1049741.0,0.0,1049741.0,1049741.0,0.0,peak_heap_bytes
string_concat,9480,1049741.0,1049741.0,0.0,1049741.0,1049741.0,0.0,peak_heap_bytes
string_concat,10700,1049741.0,1049741.0,0.0,1049741.0,1049741.0,0.0,peak_heap_bytes
string_concat,12100,1049741.0,1049741.0,0.0,1049741.0,1049741.0,0.0,peak_heap_bytes
string_concat,13600,1049741.0,1049741.0,0.0,1049741.0,1049741.0,0.0,peak_heap_bytes
string_concat,15400,1049741.0,1049741.0,0.0,1049741.0,1049741.0,0.0,peak_heap_bytes
string_concat,17400,1049741.0,1049741.0,0.0,1049741.0,1049741.0,0.0,peak_heap_bytes
string_concat,19600,1049741.0,1049741.0,0.0,1049741.0,1049741.0,0.0,peak_heap_bytes
string_concat,22100,1049741.0,1049741.0,0.0,1049741.0,1049741.0,0.0,peak_heap_bytes
string_concat,25000,1049741.0,1049741.0,0.0,1049741.0,1049741.0,0.0,peak_heap_bytes
arithmetic,40000,1145.0,1145.0,0.0,1145.0,1145.0,0.0,bytes_allocated
arithmetic,49100,1145.0,1145.0,0.0,1145.0,1145.0,0.0,bytes_allocated
arithmetic,60400,1145.0,1145.0,0.0,1145.0,1145.0,0.0,bytes_allocated
arithmetic,74200,1145.0,1145.0,0.0,1145.0,1145.0,0.0,bytes_allocated
arithmetic,91100,1145.0,1145.0,0.0,1145.0,1145.0,0.0,bytes_allocated
arithmetic,112000,1145.0,1145.0,0.0,1145.0,1145.0,0.0,bytes_allocated
arithmetic,138000,1145.0,1145.0,0.0,1145.0,1145.0,0.0,bytes_allocated
arithmetic,169000,1145.0,1145.0,0.0,1145.0,1145.0,0.0,bytes_allocated
arithmetic,208000,1145.0,1145.0,0.0,1145.0,1145.0,0.0,bytes_allocated
arithmetic,255000,1145.0,1145.0,0.0,1145.0,1145.0,0.0,bytes_allocated
arithmetic,314000,1145.0,1145.0,0.0,1145.0,1145.0,0.0,bytes_allocated
arithmetic,385000,1145.0,1145.0,0.0,1145.0,1145.0,0.0,bytes_allocated
arithmetic,473000,1145.0,1145.0,0.0,1145.0,1145.0,0.0,bytes_allocated
arithmetic,581000,1145.0,1145.0,0.0,1145.0,1145.0,0.0,bytes_allocated
arithmetic,714000,1145.0,1145.0,0.0,1145.0,1145.0,0.0,bytes_allocated
arithmetic,878000,1145.0,1145.0,0.0,1145.0,1145.0,0.0,bytes_allocated
arithmetic,1080000,1145.0,1145.0,0.0,1145.0,1145.0,0.0,bytes_allocated
arithmetic,1320000,1145.0,1145.0,0.0,1145.0,1145.0,0.0,bytes_allocated
arithmetic,1630000,1145.0,1145.0,0.0,1145.0,1145.0,0.0,bytes_allocated
arithmetic,2000000,1145.0,1145.0,0.0,1145.0,1145.0,0.0,bytes_allocated
classes,12000,2210221.0,2210221.0,0.0,2210221.0,2210221.0,0.0,bytes_allocated
classes,14700,2707021.0,2707021.0,0.0,2707021.0,2707021.0,0.0,bytes_allocated
classes,18100,3332621.0,3332621.0,0.0,3332621.0,3332621.0,0.0,bytes_allocated
classes,22300,4105421.0,4105421.0,0.0,4105421.0,4105421.0,0.0,bytes_allocated
classes,27300,5025421.0,5025421.0,0.0,5025421.0,5025421.0,0.0,bytes_allocated
classes,33600,6184621.0,6184621.0,0.0,6184621.0,6184621.0,0.0,bytes_allocated
classes,41300,7601421.0,7601421.0,0.0,7601421.0,7601421.0,0.0,bytes_allocated
classes,50700,9331021.0,9331021.0,0.0,9331021.0,9331021.0,0.0,bytes_allocated
classes,62300,11465421.0,11465421.0,0.0,11465421.0,11465421.0,0.0,bytes_allocated
classes,76600,14096621.0,14096621.0,0.0,14096621.0,14096621.0,0.0,bytes_allocated
classes,94100,17316621.0,17316621.0,0.0,17316621.0,17316621.0,0.0,bytes_allocated
classes,116000,21346221.0,21346221.0,0.0,21346221.0,21346221.0,0.0,bytes_allocated
classes,142000,26130221.0,26130221.0,0.0,26130221.0,26130221.0,0.0,bytes_allocated
classes,174000,32018221.0,32018221.0,0.0,32018221.0,32018221.0,0.0,bytes_allocated
classes,214000,39378221.0,39378221.0,0.0,39378221.0,39378221.0,0.0,bytes_allocated
classes,263000,48394221.0,48394221.0,0.0,48394221.0,48394221.0,0.0,bytes_allocated
classes,324000,59618221.0,59618221.0,0.0,59618221.0,59618221.0,0.0,bytes_allocated
classes,397000,73050221.0,73050221.0,0.0,73050221.0,73050221.0,0.0,bytes_allocated
classes,488000,89794221.0,89794221.0,0.0,89794221.0,89794221.0,0.0,bytes_allocated
classes,600000,110402221.0,110402221.0,0.0,110402221.0,110402221.0,0.0,bytes_allocated
closures,14000,842705.0,842705.0,0.0,842705.0,842705.0,0.0,bytes_allocated
closures,17200,1034705.0,1034705.0,0.0,1034705.0,1034705.0,0.0,bytes_allocated
closures,21100,1268705.0,1268705.0,0.0,1268705.0,1268705.0,0.0,bytes_allocated
closures,26000,1562705.0,1562705.0,0.0,1562705.0,1562705.0,0.0,bytes_allocated
closures,31900,1916705.0,1916705.0,0.0,1916705.0,1916705.0,0.0,bytes_allocated
closures,39200,2354705.0,2354705.0,0.0,2354705.0,2354705.0,0.0,bytes_allocated
closures,48200,2894705.0,2894705.0,0.0,2894705.0,2894705.0,0.0,bytes_allocated
closures,59200,3554705.0,3554705.0,0.0,3554705.0,3554705.0,0.0,bytes_allocated
closures,72700,4364705.0,4364705.0,0.0,4364705.0,4364705.0,0.0,bytes_allocated
closures,89300,5360705.0,5360705.0,0.0,5360705.0,5360705.0,0.0,bytes_allocated
closures,110000,6602705.0,6602705.0,0.0,6602705.0,6602705.0,0.0,bytes_allocated
closures,135000,8102705.0,8102705.0,0.0,8102705.0,8102705.0,0.0,bytes_allocated
closures,166000,9962705.0,9962705.0,0.0,9962705.0,9962705.0,0.0,bytes_allocated
closures,204000,12242705.0,12242705.0,0.0,12242705.0,12242705.0,0.0,bytes_allocated
closures,250000,15002705.0,15002705.0,0.0,15002705.0,15002705.0,0.0,bytes_allocated
closures,307000,18422705.0,18422705.0,0.0,18422705.0,18422705.0,0.0,bytes_allocated
closures,377000,22622705.0,22622705.0,0.0,22622705.0,22622705.0,0.0,bytes_allocated
closures,464000,27842705.0,27842705.0,0.0,27842705.0,27842705.0,0.0,bytes_allocated
closures,570000,34202705.0,34202705.0,0.0,34202705.0,34202705.0,0.0,bytes_allocated
closures,700000,42002705.0,42002705.0,0.0,42002705.0,42002705.0,0.0,bytes_allocated
control_flow,20000,2169.0,2169.0,0.0,2169.0,2169.0,0.0,bytes_allocated
control_flow,24600,2169.0,2169.0,0.0,2169.0,2169.0,0.0,bytes_allocated
control_flow,30200,2169.0,2169.0,0.0,2169.0,2169.0,0.0,bytes_allocated
control_flow,37100,2169.0,2169.0,0.0,2169.0,2169.0,0.0,bytes_allocated
control_flow,45600,2169.0,2169.0,0.0,2169.0,2169.0,0.0,bytes_allocated
control_flow,56000,2169.0,2169.0,0.0,2169.0,2169.0,0.0,bytes_allocated
control_flow,68800,2169.0,2169.0,0.0,2169.0,2169.0,0.0,bytes_allocated
control_flow,84500,2169.0,2169.0,0.0,2169.0,2169.0,0.0,bytes_allocated
control_flow,104000,2169.0,2169.0,0.0,2169.0,2169.0,0.0,bytes_allocated
control_flow,128000,2169.0,2169.0,0.0,2169.0,2169.0,0.0,bytes_allocated
control_flow,157000,2169.0,2169.0,0.0,2169.0,2169.0,0.0,bytes_allocated
control_flow,193000,2169.0,2169.0,0.0,2169.0,2169.0,0.0,bytes_allocated
control_flow,237000,2169.0,2169.0,0.0,2169.0,2169.0,0.0,bytes_allocated
control_flow,291000,2169.0,2169.0,0.0,2169.0,2169.0,0.0,bytes_allocated
control_flow,357000,2169.0,2169.0,0.0,2169.0,2169.0,0.0,bytes_allocated
control_flow,439000,2169.0,2169.0,0.0,2169.0,2169.0,0.0,bytes_allocated
control_flow,539000,2169.0,2169.0,0.0,2169.0,2169.0,0.0,bytes_allocated
control_flow,662000,2169.0,2169.0,0.0,2169.0,2169.0,0.0,bytes_allocated
control_flow,814000,2169.0,2169.0,0.0,2169.0,2169.0,0.0,bytes_allocated
control_flow,1000000,2169.0,2169.0,0.0,2169.0,2169.0,0.0,bytes_allocated
gc_stress,6000,2810251.0,2810251.0,0.0,2810251.0,2810251.0,0.0,bytes_allocated
gc_stress,7370,3451411.0,3451411.0,0.0,3451411.0,3451411.0,0.0,bytes_allocated
gc_stress,9060,4242331.0,4242331.0,0.0,4242331.0,4242331.0,0.0,bytes_allocated
gc_stress,11100,5197051.0,5197051.0,0.0,5197051.0,5197051.0,0.0,bytes_allocated
gc_stress,13700,6413851.0,6413851.0,0.0,6413851.0,6413851.0,0.0,bytes_allocated
gc_stress,16800,7864651.0,7864651.0,0.0,7864651.0,7864651.0,0.0,bytes_allocated
gc_stress,20600,9643051.0,9643051.0,0.0,9643051.0,9643051.0,0.0,bytes_allocated
gc_stress,25400,11889451.0,11889451.0,0.0,11889451.0,11889451.0,0.0,bytes_allocated
gc_stress,31200,14603851.0,14603851.0,0.0,14603851.0,14603851.0,0.0,bytes_allocated
gc_stress,38300,17926651.0,17926651.0,0.0,17926651.0,17926651.0,0.0,bytes_allocated
gc_stress,47000,21998251.0,21998251.0,0.0,21998251.0,21998251.0,0.0,bytes_allocated
gc_stress,57800,27052651.0,27052651.0,0.0,27052651.0,27052651.0,0.0,bytes_allocated
gc_stress,71000,33230251.0,33230251.0,0.0,33230251.0,33230251.0,0.0,bytes_allocated
gc_stress,87200,40811851.0,40811851.0,0.0,40811851.0,40811851.0,0.0,bytes_allocated
gc_stress,107000,50078251.0,50078251.0,0.0,50078251.0,50078251.0,0.0,bytes_allocated
gc_stress,132000,61778251.0,61778251.0,0.0,61778251.0,61778251.0,0.0,bytes_allocated
gc_stress,162000,75818251.0,75818251.0,0.0,75818251.0,75818251.0,0.0,bytes_allocated
gc_stress,199000,93134251.0,93134251.0,0.0,93134251.0,93134251.0,0.0,bytes_allocated
gc_stress,244000,114194251.0,114194251.0,0.0,114194251.0,114194251.0,0.0,bytes_allocated
gc_stress,300000,140402251.0,140402251.0,0.0,140402251.0,140402251.0,0.0,bytes_allocated
globals,14000,2232.0,2232.0,0.0,2232.0,2232.0,0.0,bytes_allocated
globals,17200,2232.0,2232.0,0.0,2232.0,2232.0,0.0,bytes_allocated
globals,21100,2232.0,2232.0,0.0,2232.0,2232.0,0.0,bytes_allocated
globals,26000,2232.0,2232.0,0.0,2232.0,2232.0,0.0,bytes_allocated
globals,31900,2232.0,2232.0,0.0,2232.0,2232.0,0.0,bytes_allocated
globals,39200,2232.0,2232.0,0.0,2232.0,2232.0,0.0,bytes_allocated
globals,48200,2232.0,2232.0,0.0,2232.0,2232.0,0.0,bytes_allocated
globals,59200,2232.0,2232.0,0.0,2232.0,2232.0,0.0,bytes_allocated
globals,72700,2232.0,2232.0,0.0,2232.0,2232.0,0.0,bytes_allocated
globals,89300,2232.0,2232.0,0.0,2232.0,2232.0,0.0,bytes_allocated
globals,110000,2232.0,2232.0,0.0,2232.0,2232.0,0.0,bytes_allocated
globals,135000,2232.0,2232.0,0.0,2232.0,2232.0,0.0,bytes_allocated
globals,166000,2232.0,2232.0,0.0,2232.0,2232.0,0.0,bytes_allocated
globals,204000,2232.0,2232.0,0.0,2232.0,2232.0,0.0,bytes_allocated
globals,250000,2232.0,2232.0,0.0,2232.0,2232.0,0.0,bytes_allocated
globals,307000,2232.0,2232.0,0.0,2232.0,2232.0,0.0,bytes_allocated
globals,377000,2232.0,2232.0,0.0,2232.0,2232.0,0.0,bytes_allocated
globals,464000,2232.0,2232.0,0.0,2232.0,2232.0,0.0,bytes_allocated
globals,570000,2232.0,2232.0,0.0,2232.0,2232.0,0.0,bytes_allocated
globals,700000,2232.0,2232.0,0.0,2232.0,2232.0,0.0,bytes_allocated
integrated,8000,2502685.0,2502685.0,0.0,2502685.0,2502685.0,0.0,bytes_allocated
integrated,9830,3073835.0,3073835.0,0.0,3073835.0,3073835.0,0.0,bytes_allocated
integrated,12100,3782495.0,3782495.0,0.0,3782495.0,3782495.0,0.0,bytes_allocated
integrated,14800,4625128.0,4625128.0,0.0,4625128.0,4625128.0,0.0,bytes_allocated
integrated,18200,5686406.0,5686406.0,0.0,5686406.0,5686406.0,0.0,bytes_allocated
integrated,22400,6997300.0,6997300.0,0.0,6997300.0,6997300.0,0.0,bytes_allocated
integrated,27500,8589062.0,8589062.0,0.0,8589062.0,8589062.0,0.0,bytes_allocated
integrated,33800,10555463.0,10555463.0,0.0,10555463.0,10555463.0,0.0,bytes_allocated
integrated,41500,12958987.0,12958987.0,0.0,12958987.0,12958987.0,0.0,bytes_allocated
integrated,51000,15924482.0,15924482.0,0.0,15924482.0,15924482.0,0.0,bytes_allocated
integrated,62700,19576720.0,19576720.0,0.0,19576720.0,19576720.0,0.0,bytes_allocated
integrated,77000,24040837.0,24040837.0,0.0,24040837.0,24040837.0,0.0,bytes_allocated
integrated,94700,29566528.0,29566528.0,0.0,29566528.0,29566528.0,0.0,bytes_allocated
integrated,116000,36216559.0,36216559.0,0.0,36216559.0,36216559.0,0.0,bytes_allocated
integrated,143000,44646928.0,44646928.0,0.0,44646928.0,44646928.0,0.0,bytes_allocated
integrated,176000,54951529.0,54951529.0,0.0,54951529.0,54951529.0,0.0,bytes_allocated
integrated,216000,67443509.0,67443509.0,0.0,67443509.0,67443509.0,0.0,bytes_allocated
integrated,265000,82748443.0,82748443.0,0.0,82748443.0,82748443.0,0.0,bytes_allocated
integrated,326000,101804704.0,101804704.0,0.0,101804704.0,101804704.0,0.0,bytes_allocated
integrated,400000,124927225.0,124927225.0,0.0,124927225.0,124927225.0,0.0,bytes_allocated
locals,28000,1465.0,1465.0,0.0,1465.0,1465.0,0.0,bytes_allocated
locals,34400,1465.0,1465.0,0.0,1465.0,1465.0,0.0,bytes_allocated
locals,42300,1465.0,1465.0,0.0,1465.0,1465.0,0.0,bytes_allocated
locals,51900,1465.0,1465.0,0.0,1465.0,1465.0,0.0,bytes_allocated
locals,63800,1465.0,1465.0,0.0,1465.0,1465.0,0.0,bytes_allocated
locals,78400,1465.0,1465.0,0.0,1465.0,1465.0,0.0,bytes_allocated
locals,96300,1465.0,1465.0,0.0,1465.0,1465.0,0.0,bytes_allocated
locals,118000,1465.0,1465.0,0.0,1465.0,1465.0,0.0,bytes_allocated
locals,145000,1465.0,1465.0,0.0,1465.0,1465.0,0.0,bytes_allocated
locals,179000,1465.0,1465.0,0.0,1465.0,1465.0,0.0,bytes_allocated
locals,219000,1465.0,1465.0,0.0,1465.0,1465.0,0.0,bytes_allocated
locals,270000,1465.0,1465.0,0.0,1465.0,1465.0,0.0,bytes_allocated
locals,331000,1465.0,1465.0,0.0,1465.0,1465.0,0.0,bytes_allocated
locals,407000,1465.0,1465.0,0.0,1465.0,1465.0,0.0,bytes_allocated
locals,500000,1465.0,1465.0,0.0,1465.0,1465.0,0.0,bytes_allocated
locals,614000,1465.0,1465.0,0.0,1465.0,1465.0,0.0,bytes_allocated
locals,755000,1465.0,1465.0,0.0,1465.0,1465.0,0.0,bytes_allocated
locals,927000,1465.0,1465.0,0.0,1465.0,1465.0,0.0,bytes_allocated
locals,1140000,1465.0,1465.0,0.0,1465.0,1465.0,0.0,bytes_allocated
locals,1400000,1465.0,1465.0,0.0,1465.0,1465.0,0.0,bytes_allocated
methods,16000,3864.0,3864.0,0.0,3864.0,3864.0,0.0,bytes_allocated
methods,19700,3864.0,3864.0,0.0,3864.0,3864.0,0.0,bytes_allocated
methods,24200,3864.0,3864.0,0.0,3864.0,3864.0,0.0,bytes_allocated
methods,29700,3864.0,3864.0,0.0,3864.0,3864.0,0.0,bytes_allocated
methods,36500,3864.0,3864.0,0.0,3864.0,3864.0,0.0,bytes_allocated
methods,44800,3864.0,3864.0,0.0,3864.0,3864.0,0.0,bytes_allocated
methods,55000,3864.0,3864.0,0.0,3864.0,3864.0,0.0,bytes_allocated
methods,67600,3864.0,3864.0,0.0,3864.0,3864.0,0.0,bytes_allocated
methods,83100,3864.0,3864.0,0.0,3864.0,3864.0,0.0,bytes_allocated
methods,102000,3864.0,3864.0,0.0,3864.0,3864.0,0.0,bytes_allocated
methods,125000,3864.0,3864.0,0.0,3864.0,3864.0,0.0,bytes_allocated
methods,154000,3864.0,3864.0,0.0,3864.0,3864.0,0.0,bytes_allocated
methods,189000,3864.0,3864.0,0.0,3864.0,3864.0,0.0,bytes_allocated
methods,233000,3864.0,3864.0,0.0,3864.0,3864.0,0.0,bytes_allocated
methods,286000,3864.0,3864.0,0.0,3864.0,3864.0,0.0,bytes_allocated
methods,351000,3864.0,3864.0,0.0,3864.0,3864.0,0.0,bytes_allocated
methods,431000,3864.0,3864.0,0.0,3864.0,3864.0,0.0,bytes_allocated
methods,530000,3864.0,3864.0,0.0,3864.0,3864.0,0.0,bytes_allocated
methods,651000,3864.0,3864.0,0.0,3864.0,3864.0,0.0,bytes_allocated
methods,800000,3864.0,3864.0,0.0,3864.0,3864.0,0.0,bytes_allocated
properties,16000,2721.0,2721.0,0.0,2721.0,2721.0,0.0,bytes_allocated
properties,19700,2721.0,2721.0,0.0,2721.0,2721.0,0.0,bytes_allocated
properties,24200,2721.0,2721.0,0.0,2721.0,2721.0,0.0,bytes_allocated
properties,29700,2721.0,2721.0,0.0,2721.0,2721.0,0.0,bytes_allocated
properties,36500,2721.0,2721.0,0.0,2721.0,2721.0,0.0,bytes_allocated
properties,44800,2721.0,2721.0,0.0,2721.0,2721.0,0.0,bytes_allocated
properties,55000,2721.0,2721.0,0.0,2721.0,2721.0,0.0,bytes_allocated
properties,67600,2721.0,2721.0,0.0,2721.0,2721.0,0.0,bytes_allocated
properties,83100,2721.0,2721.0,0.0,2721.0,2721.0,0.0,bytes_allocated
properties,102000,2721.0,2721.0,0.0,2721.0,2721.0,0.0,bytes_allocated
properties,125000,2721.0,2721.0,0.0,2721.0,2721.0,0.0,bytes_allocated
properties,154000,2721.0,2721.0,0.0,2721.0,2721.0,0.0,bytes_allocated
properties,189000,2721.0,2721.0,0.0,2721.0,2721.0,0.0,bytes_allocated
properties,233000,2721.0,2721.0,0.0,2721.0,2721.0,0.0,bytes_allocated
properties,286000,2721.0,2721.0,0.0,2721.0,2721.0,0.0,bytes_allocated
properties,351000,2721.0,2721.0,0.0,2721.0,2721.0,0.0,bytes_allocated
properties,431000,2721.0,2721.0,0.0,2721.0,2721.0,0.0,bytes_allocated
properties,530000,2721.0,2721.0,0.0,2721.0,2721.0,0.0,bytes_allocated
properties,651000,2721.0,2721.0,0.0,2721.0,2721.0,0.0,bytes_allocated
properties,800000,2721.0,2721.0,0.0,2721.0,2721.0,0.0,bytes_allocated
recursion,12,1145.0,1145.0,0.0,1145.0,1145.0,0.0,bytes_allocated
recursion,13,1145.0,1145.0,0.0,1145.0,1145.0,0.0,bytes_allocated
recursion,14,1145.0,1145.0,0.0,1145.0,1145.0,0.0,bytes_allocated
recursion,15,1145.0,1145.0,0.0,1145.0,1145.0,0.0,bytes_allocated
recursion,16,1145.0,1145.0,0.0,1145.0,1145.0,0.0,bytes_allocated
recursion,17,1145.0,1145.0,0.0,1145.0,1145.0,0.0,bytes_allocated
recursion,18,1145.0,1145.0,0.0,1145.0,1145.0,0.0,bytes_allocated
recursion,19,1145.0,1145.0,0.0,1145.0,1145.0,0.0,bytes_allocated
recursion,20,1145.0,1145.0,0.0,1145.0,1145.0,0.0,bytes_allocated
recursion,21,1145.0,1145.0,0.0,1145.0,1145.0,0.0,bytes_allocated
recursion,22,1145.0,1145.0,0.0,1145.0,1145.0,0.0,bytes_allocated
recursion,23,1145.0,1145.0,0.0,1145.0,1145.0,0.0,bytes_allocated
recursion,24,1145.0,1145.0,0.0,1145.0,1145.0,0.0,bytes_allocated
recursion,25,1145.0,1145.0,0.0,1145.0,1145.0,0.0,bytes_allocated
recursion,26,1145.0,1145.0,0.0,1145.0,1145.0,0.0,bytes_allocated
recursion,27,1145.0,1145.0,0.0,1145.0,1145.0,0.0,bytes_allocated
recursion,28,1145.0,1145.0,0.0,1145.0,1145.0,0.0,bytes_allocated
recursion,29,1145.0,1145.0,0.0,1145.0,1145.0,0.0,bytes_allocated
recursion,30,1145.0,1145.0,0.0,1145.0,1145.0,0.0,bytes_allocated
recursion,31,1145.0,1145.0,0.0,1145.0,1145.0,0.0,bytes_allocated
string_concat,2500,6381513.0,6381513.0,0.0,6381513.0,6381513.0,0.0,bytes_allocated
string_concat,2820,8092233.0,8092233.0,0.0,8092233.0,8092233.0,0.0,bytes_allocated
string_concat,3190,10325553.0,10325553.0,0.0,10325553.0,10325553.0,0.0,bytes_allocated
string_concat,3600,13120113.0,13120113.0,0.0,13120113.0,13120113.0,0.0,bytes_allocated
string_concat,4060,16655673.0,16655673.0,0.0,16655673.0,16655673.0,0.0,bytes_allocated
string_concat,4580,21161993.0,21161993.0,0.0,21161993.0,21161993.0,0.0,bytes_allocated
string_concat,5170,26929833.0,26929833.0,0.0,26929833.0,26929833.0,0.0,bytes_allocated
string_concat,5840,34323953.0,34323953.0,0.0,34323953.0,34323953.0,0.0,bytes_allocated
string_concat,6590,43665953.0,43665953.0,0.0,43665953.0,43665953.0,0.0,bytes_allocated
string_concat,7440,55613553.0,55613553.0,0.0,55613553.0,55613553.0,0.0,bytes_allocated
string_concat,8400,70844913.0,70844913.0,0.0,70844913.0,70844913.0,0.0,bytes_allocated
string_concat,9480,90183393.0,90183393.0,0.0,90183393.0,90183393.0,0.0,bytes_allocated
string_concat,10700,114834713.0,114834713.0,0.0,114834713.0,114834713.0,0.0,bytes_allocated
string_concat,12100,146791113.0,146791113.0,0.0,146791113.0,146791113.0,0.0,bytes_allocated
string_concat,13600,185380113.0,185380113.0,0.0,185380113.0,185380113.0,0.0,bytes_allocated
string_concat,15400,237626913.0,237626913.0,0.0,237626913.0,237626913.0,0.0,bytes_allocated
string_concat,17400,303278913.0,303278913.0,0.0,303278913.0,303278913.0,0.0,bytes_allocated
string_concat,19600,384736113.0,384736113.0,0.0,384736113.0,384736113.0,0.0,bytes_allocated
string_concat,22100,489051113.0,489051113.0,0.0,489051113.0,489051113.0,0.0,bytes_allocated
string_concat,25000,625716513.0,625716513.0,0.0,625716513.0,625716513.0,0.0,bytes_allocated
arithmetic,40000,0.0,0.0,0.0,0.0,0.0,,bytes_freed
arithmetic,49100,0.0,0.0,0.0,0.0,0.0,,bytes_freed
arithmetic,60400,0.0,0.0,0.0,0.0,0.0,,bytes_freed
arithmetic,74200,0.0,0.0,0.0,0.0,0.0,,bytes_freed
arithmetic,91100,0.0,0.0,0.0,0.0,0.0,,bytes_freed
arithmetic,112000,0.0,0.0,0.0,0.0,0.0,,bytes_freed
arithmetic,138000,0.0,0.0,0.0,0.0,0.0,,bytes_freed
arithmetic,169000,0.0,0.0,0.0,0.0,0.0,,bytes_freed
arithmetic,208000,0.0,0.0,0.0,0.0,0.0,,bytes_freed
arithmetic,255000,0.0,0.0,0.0,0.0,0.0,,bytes_freed
arithmetic,314000,0.0,0.0,0.0,0.0,0.0,,bytes_freed
arithmetic,385000,0.0,0.0,0.0,0.0,0.0,,bytes_freed
arithmetic,473000,0.0,0.0,0.0,0.0,0.0,,bytes_freed
arithmetic,581000,0.0,0.0,0.0,0.0,0.0,,bytes_freed
arithmetic,714000,0.0,0.0,0.0,0.0,0.0,,bytes_freed
arithmetic,878000,0.0,0.0,0.0,0.0,0.0,,bytes_freed
arithmetic,1080000,0.0,0.0,0.0,0.0,0.0,,bytes_freed
arithmetic,1320000,0.0,0.0,0.0,0.0,0.0,,bytes_freed
arithmetic,1630000,0.0,0.0,0.0,0.0,0.0,,bytes_freed
arithmetic,2000000,0.0,0.0,0.0,0.0,0.0,,bytes_freed
classes,12000,2206656.0,2206656.0,0.0,2206656.0,2206656.0,0.0,bytes_freed
classes,14700,2704192.0,2704192.0,0.0,2704192.0,2704192.0,0.0,bytes_freed
classes,18100,3328320.0,3328320.0,0.0,3328320.0,3328320.0,0.0,bytes_freed
classes,22300,4101120.0,4101120.0,0.0,4101120.0,4101120.0,0.0,bytes_freed
classes,27300,5021856.0,5021856.0,0.0,5021856.0,5021856.0,0.0,bytes_freed
classes,33600,6182160.0,6182160.0,0.0,6182160.0,6182160.0,0.0,bytes_freed
classes,41300,7598224.0,7598224.0,0.0,7598224.0,7598224.0,0.0,bytes_freed
classes,50700,9327456.0,9327456.0,0.0,9327456.0,9327456.0,0.0,bytes_freed
classes,62300,11461120.0,11461120.0,0.0,11461120.0,11461120.0,0.0,bytes_freed
classes,76600,14092320.0,14092320.0,0.0,14092320.0,14092320.0,0.0,bytes_freed
classes,94100,17311952.0,17311952.0,0.0,17311952.0,17311952.0,0.0,bytes_freed
classes,116000,21342656.0,21342656.0,0.0,21342656.0,21342656.0,0.0,bytes_freed
classes,142000,26126656.0,26126656.0,0.0,26126656.0,26126656.0,0.0,bytes_freed
classes,174000,32015760.0,32015760.0,0.0,32015760.0,32015760.0,0.0,bytes_freed
classes,214000,39375760.0,39375760.0,0.0,39375760.0,39375760.0,0.0,bytes_freed
classes,263000,48391392.0,48391392.0,0.0,48391392.0,48391392.0,0.0,bytes_freed
classes,324000,59614656.0,59614656.0,0.0,59614656.0,59614656.0,0.0,bytes_freed
classes,397000,73045552.0,73045552.0,0.0,73045552.0,73045552.0,0.0,bytes_freed
classes,488000,89789552.0,89789552.0,0.0,89789552.0,89789552.0,0.0,bytes_freed
classes,600000,110399024.0,110399024.0,0.0,110399024.0,110399024.0,0.0,bytes_freed
closures,14000,128.0,128.0,0.0,128.0,128.0,0.0,bytes_freed
closures,17200,128.0,128.0,0.0,128.0,128.0,0.0,bytes_freed
closures,21100,1265168.0,1265168.0,0.0,1265168.0,1265168.0,0.0,bytes_freed
closures,26000,1558208.0,1558208.0,0.0,1558208.0,1558208.0,0.0,bytes_freed
closures,31900,1911968.0,1911968.0,0.0,1911968.0,1911968.0,0.0,bytes_freed
closures,39200,2350208.0,2350208.0,0.0,2350208.0,2350208.0,0.0,bytes_freed
closures,48200,2891408.0,2891408.0,0.0,2891408.0,2891408.0,0.0,bytes_freed
closures,59200,3551408.0,3551408.0,0.0,3551408.0,3551408.0,0.0,bytes_freed
closures,72700,4361888.0,4361888.0,0.0,4361888.0,4361888.0,0.0,bytes_freed
closures,89300,5357168.0,5357168.0,0.0,5357168.0,5357168.0,0.0,bytes_freed
closures,110000,6597968.0,6597968.0,0.0,6597968.0,6597968.0,0.0,bytes_freed
closures,135000,8097488.0,8097488.0,0.0,8097488.0,8097488.0,0.0,bytes_freed
closures,166000,9958688.0,9958688.0,0.0,9958688.0,9958688.0,0.0,bytes_freed
closures,204000,12239648.0,12239648.0,0.0,12239648.0,12239648.0,0.0,bytes_freed
closures,250000,14998448.0,14998448.0,0.0,14998448.0,14998448.0,0.0,bytes_freed
closures,307000,18419888.0,18419888.0,0.0,18419888.0,18419888.0,0.0,bytes_freed
closures,377000,22617488.0,22617488.0,0.0,22617488.0,22617488.0,0.0,bytes_freed
closures,464000,27839408.0,27839408.0,0.0,27839408.0,27839408.0,0.0,bytes_freed
closures,570000,34199168.0,34199168.0,0.0,34199168.0,34199168.0,0.0,bytes_freed
closures,700000,41997728.0,41997728.0,0.0,41997728.0,41997728.0,0.0,bytes_freed
control_flow,20000,0.0,0.0,0.0,0.0,0.0,,bytes_freed
control_flow,24600,0.0,0.0,0.0,0.0,0.0,,bytes_freed
control_flow,30200,0.0,0.0,0.0,0.0,0.0,,bytes_freed
control_flow,37100,0.0,0.0,0.0,0.0,0.0,,bytes_freed
control_flow,45600,0.0,0.0,0.0,0.0,0.0,,bytes_freed
control_flow,56000,0.0,0.0,0.0,0.0,0.0,,bytes_freed
control_flow,68800,0.0,0.0,0.0,0.0,0.0,,bytes_freed
control_flow,84500,0.0,0.0,0.0,0.0,0.0,,bytes_freed
control_flow,104000,0.0,0.0,0.0,0.0,0.0,,bytes_freed
control_flow,128000,0.0,0.0,0.0,0.0,0.0,,bytes_freed
control_flow,157000,0.0,0.0,0.0,0.0,0.0,,bytes_freed
control_flow,193000,0.0,0.0,0.0,0.0,0.0,,bytes_freed
control_flow,237000,0.0,0.0,0.0,0.0,0.0,,bytes_freed
control_flow,291000,0.0,0.0,0.0,0.0,0.0,,bytes_freed
control_flow,357000,0.0,0.0,0.0,0.0,0.0,,bytes_freed
control_flow,439000,0.0,0.0,0.0,0.0,0.0,,bytes_freed
control_flow,539000,0.0,0.0,0.0,0.0,0.0,,bytes_freed
control_flow,662000,0.0,0.0,0.0,0.0,0.0,,bytes_freed
control_flow,814000,0.0,0.0,0.0,0.0,0.0,,bytes_freed
control_flow,1000000,0.0,0.0,0.0,0.0,0.0,,bytes_freed
gc_stress,6000,1659968.0,1659968.0,0.0,1659968.0,1659968.0,0.0,bytes_freed
gc_stress,7370,2215016.0,2215016.0,0.0,2215016.0,2215016.0,0.0,bytes_freed
gc_stress,9060,2215016.0,2215016.0,0.0,2215016.0,2215016.0,0.0,bytes_freed
gc_stress,11100,2954768.0,2954768.0,0.0,2954768.0,2954768.0,0.0,bytes_freed
gc_stress,13700,3941312.0,3941312.0,0.0,3941312.0,3941312.0,0.0,bytes_freed
gc_stress,16800,3941312.0,3941312.0,0.0,3941312.0,3941312.0,0.0,bytes_freed
gc_stress,20600,5256704.0,5256704.0,0.0,5256704.0,5256704.0,0.0,bytes_freed
gc_stress,25400,7010456.0,7010456.0,0.0,7010456.0,7010456.0,0.0,bytes_freed
gc_stress,31200,9349208.0,9349208.0,0.0,9349208.0,9349208.0,0.0,bytes_freed
gc_stress,38300,9349208.0,9349208.0,0.0,9349208.0,9349208.0,0.0,bytes_freed
gc_stress,47000,12467024.0,12467024.0,0.0,12467024.0,12467024.0,0.0,bytes_freed
gc_stress,57800,16624424.0,16624424.0,0.0,16624424.0,16624424.0,0.0,bytes_freed
gc_stress,71000,16624424.0,16624424.0,0.0,16624424.0,16624424.0,0.0,bytes_freed
gc_stress,87200,22167416.0,22167416.0,0.0,22167416.0,22167416.0,0.0,bytes_freed
gc_stress,107000,29558072.0,29558072.0,0.0,29558072.0,29558072.0,0.0,bytes_freed
gc_stress,132000,39412280.0,39412280.0,0.0,39412280.0,39412280.0,0.0,bytes_freed
gc_stress,162000,39412280.0,39412280.0,0.0,39412280.0,39412280.0,0.0,bytes_freed
gc_stress,199000,52551224.0,52551224.0,0.0,52551224.0,52551224.0,0.0,bytes_freed
gc_stress,244000,70069712.0,70069712.0,0.0,70069712.0,70069712.0,0.0,bytes_freed
gc_stress,300000,93427904.0,93427904.0,0.0,93427904.0,93427904.0,0.0,bytes_freed
globals,14000,256.0,256.0,0.0,256.0,256.0,0.0,bytes_freed
globals,17200,256.0,256.0,0.0,256.0,256.0,0.0,bytes_freed
globals,21100,256.0,256.0,0.0,256.0,256.0,0.0,bytes_freed
globals,26000,256.0,256.0,0.0,256.0,256.0,0.0,bytes_freed
globals,31900,256.0,256.0,0.0,256.0,256.0,0.0,bytes_freed
globals,39200,256.0,256.0,0.0,256.0,256.0,0.0,bytes_freed
globals,48200,256.0,256.0,0.0,256.0,256.0,0.0,bytes_freed
globals,59200,256.0,256.0,0.0,256.0,256.0,0.0,bytes_freed
globals,72700,256.0,256.0,0.0,256.0,256.0,0.0,bytes_freed
globals,89300,256.0,256.0,0.0,256.0,256.0,0.0,bytes_freed
globals,110000,256.0,256.0,0.0,256.0,256.0,0.0,bytes_freed
globals,135000,256.0,256.0,0.0,256.0,256.0,0.0,bytes_freed
globals,166000,256.0,256.0,0.0,256.0,256.0,0.0,bytes_freed
globals,204000,256.0,256.0,0.0,256.0,256.0,0.0,bytes_freed
globals,250000,256.0,256.0,0.0,256.0,256.0,0.0,bytes_freed
globals,307000,256.0,256.0,0.0,256.0,256.0,0.0,bytes_freed
globals,377000,256.0,256.0,0.0,256.0,256.0,0.0,bytes_freed
globals,464000,256.0,256.0,0.0,256.0,256.0,0.0,bytes_freed
globals,570000,256.0,256.0,0.0,256.0,256.0,0.0,bytes_freed
globals,700000,256.0,256.0,0.0,256.0,256.0,0.0,bytes_freed
integrated,8000,2494815.0,2494815.0,0.0,2494815.0,2494815.0,0.0,bytes_freed
integrated,9830,3063500.0,3063500.0,0.0,3063500.0,3063500.0,0.0,bytes_freed
integrated,12100,3774341.0,3774341.0,0.0,3774341.0,3774341.0,0.0,bytes_freed
integrated,14800,4615724.0,4615724.0,0.0,4615724.0,4615724.0,0.0,bytes_freed
integrated,18200,5676062.0,5676062.0,0.0,5676062.0,5676062.0,0.0,bytes_freed
integrated,22400,6991320.0,6991320.0,0.0,6991320.0,6991320.0,0.0,bytes_freed
integrated,27500,8579021.0,8579021.0,0.0,8579021.0,8579021.0,0.0,bytes_freed
integrated,33800,10546040.0,10546040.0,0.0,10546040.0,10546040.0,0.0,bytes_freed
integrated,41500,12951428.0,12951428.0,0.0,12951428.0,12951428.0,0.0,bytes_freed
integrated,51000,15914030.0,15914030.0,0.0,15914030.0,15914030.0,0.0,bytes_freed
integrated,62700,19569764.0,19569764.0,0.0,19569764.0,19569764.0,0.0,bytes_freed
integrated,77000,24031269.0,24031269.0,0.0,24031269.0,24031269.0,0.0,bytes_freed
integrated,94700,29559852.0,29559852.0,0.0,29559852.0,29559852.0,0.0,bytes_freed
integrated,116000,36208785.0,36208785.0,0.0,36208785.0,36208785.0,0.0,bytes_freed
integrated,143000,44636292.0,44636292.0,0.0,44636292.0,44636292.0,0.0,bytes_freed
integrated,176000,54942699.0,54942699.0,0.0,54942699.0,54942699.0,0.0,bytes_freed
integrated,216000,67434599.0,67434599.0,0.0,67434599.0,67434599.0,0.0,bytes_freed
integrated,265000,82740683.0,82740683.0,0.0,82740683.0,82740683.0,0.0,bytes_freed
integrated,326000,101797446.0,101797446.0,0.0,101797446.0,101797446.0,0.0,bytes_freed
integrated,400000,124917323.0,124917323.0,0.0,124917323.0,124917323.0,0.0,bytes_freed
locals,28000,0.0,0.0,0.0,0.0,0.0,,bytes_freed
locals,34400,0.0,0.0,0.0,0.0,0.0,,bytes_freed
locals,42300,0.0,0.0,0.0,0.0,0.0,,bytes_freed
locals,51900,0.0,0.0,0.0,0.0,0.0,,bytes_freed
locals,63800,0.0,0.0,0.0,0.0,0.0,,bytes_freed
locals,78400,0.0,0.0,0.0,0.0,0.0,,bytes_freed
locals,96300,0.0,0.0,0.0,0.0,0.0,,bytes_freed
locals,118000,0.0,0.0,0.0,0.0,0.0,,bytes_freed
locals,145000,0.0,0.0,0.0,0.0,0.0,,bytes_freed
locals,179000,0.0,0.0,0.0,0.0,0.0,,bytes_freed
locals,219000,0.0,0.0,0.0,0.0,0.0,,bytes_freed
locals,270000,0.0,0.0,0.0,0.0,0.0,,bytes_freed
locals,331000,0.0,0.0,0.0,0.0,0.0,,bytes_freed
locals,407000,0.0,0.0,0.0,0.0,0.0,,bytes_freed
locals,500000,0.0,0.0,0.0,0.0,0.0,,bytes_freed
locals,614000,0.0,0.0,0.0,0.0,0.0,,bytes_freed
locals,755000,0.0,0.0,0.0,0.0,0.0,,bytes_freed
locals,927000,0.0,0.0,0.0,0.0,0.0,,bytes_freed
locals,1140000,0.0,0.0,0.0,0.0,0.0,,bytes_freed
locals,1400000,0.0,0.0,0.0,0.0,0.0,,bytes_freed
methods,16000,128.0,128.0,0.0,128.0,128.0,0.0,bytes_freed
methods,19700,128.0,128.0,0.0,128.0,128.0,0.0,bytes_freed
methods,24200,128.0,128.0,0.0,128.0,128.0,0.0,bytes_freed
methods,29700,128.0,128.0,0.0,128.0,128.0,0.0,bytes_freed
methods,36500,128.0,128.0,0.0,128.0,128.0,0.0,bytes_freed
methods,44800,128.0,128.0,0.0,128.0,128.0,0.0,bytes_freed
methods,55000,128.0,128.0,0.0,128.0,128.0,0.0,bytes_freed
methods,67600,128.0,128.0,0.0,128.0,128.0,0.0,bytes_freed
methods,83100,128.0,128.0,0.0,128.0,128.0,0.0,bytes_freed
methods,102000,128.0,128.0,0.0,128.0,128.0,0.0,bytes_freed
methods,125000,128.0,128.0,0.0,128.0,128.0,0.0,bytes_freed
methods,154000,128.0,128.0,0.0,128.0,128.0,0.0,bytes_freed
methods,189000,128.0,128.0,0.0,128.0,128.0,0.0,bytes_freed
methods,233000,128.0,128.0,0.0,128.0,128.0,0.0,bytes_freed
methods,286000,128.0,128.0,0.0,128.0,128.0,0.0,bytes_freed
methods,351000,128.0,128.0,0.0,128.0,128.0,0.0,bytes_freed
methods,431000,128.0,128.0,0.0,128.0,128.0,0.0,bytes_freed
methods,530000,128.0,128.0,0.0,128.0,128.0,0.0,bytes_freed
methods,651000,128.0,128.0,0.0,128.0,128.0,0.0,bytes_freed
methods,800000,128.0,128.0,0.0,128.0,128.0,0.0,bytes_freed
properties,16000,128.0,128.0,0.0,128.0,128.0,0.0,bytes_freed
properties,19700,128.0,128.0,0.0,128.0,128.0,0.0,bytes_freed
properties,24200,128.0,128.0,0.0,128.0,128.0,0.0,bytes_freed
properties,29700,128.0,128.0,0.0,128.0,128.0,0.0,bytes_freed
properties,36500,128.0,128.0,0.0,128.0,128.0,0.0,bytes_freed
properties,44800,128.0,128.0,0.0,128.0,128.0,0.0,bytes_freed
properties,55000,128.0,128.0,0.0,128.0,128.0,0.0,bytes_freed
properties,67600,128.0,128.0,0.0,128.0,128.0,0.0,bytes_freed
properties,83100,128.0,128.0,0.0,128.0,128.0,0.0,bytes_freed
properties,102000,128.0,128.0,0.0,128.0,128.0,0.0,bytes_freed
properties,125000,128.0,128.0,0.0,128.0,128.0,0.0,bytes_freed
properties,154000,128.0,128.0,0.0,128.0,128.0,0.0,bytes_freed
properties,189000,128.0,128.0,0.0,128.0,128.0,0.0,bytes_freed
properties,233000,128.0,128.0,0.0,128.0,128.0,0.0,bytes_freed
properties,286000,128.0,128.0,0.0,128.0,128.0,0.0,bytes_freed
properties,351000,128.0,128.0,0.0,128.0,128.0,0.0,bytes_freed
properties,431000,128.0,128.0,0.0,128.0,128.0,0.0,bytes_freed
properties,530000,128.0,128.0,0.0,128.0,128.0,0.0,bytes_freed
properties,651000,128.0,128.0,0.0,128.0,128.0,0.0,bytes_freed
properties,800000,128.0,128.0,0.0,128.0,128.0,0.0,bytes_freed
recursion,12,0.0,0.0,0.0,0.0,0.0,,bytes_freed
recursion,13,0.0,0.0,0.0,0.0,0.0,,bytes_freed
recursion,14,0.0,0.0,0.0,0.0,0.0,,bytes_freed
recursion,15,0.0,0.0,0.0,0.0,0.0,,bytes_freed
recursion,16,0.0,0.0,0.0,0.0,0.0,,bytes_freed
recursion,17,0.0,0.0,0.0,0.0,0.0,,bytes_freed
recursion,18,0.0,0.0,0.0,0.0,0.0,,bytes_freed
recursion,19,0.0,0.0,0.0,0.0,0.0,,bytes_freed
recursion,20,0.0,0.0,0.0,0.0,0.0,,bytes_freed
recursion,21,0.0,0.0,0.0,0.0,0.0,,bytes_freed
recursion,22,0.0,0.0,0.0,0.0,0.0,,bytes_freed
recursion,23,0.0,0.0,0.0,0.0,0.0,,bytes_freed
recursion,24,0.0,0.0,0.0,0.0,0.0,,bytes_freed
recursion,25,0.0,0.0,0.0,0.0,0.0,,bytes_freed
recursion,26,0.0,0.0,0.0,0.0,0.0,,bytes_freed
recursion,27,0.0,0.0,0.0,0.0,0.0,,bytes_freed
recursion,28,0.0,0.0,0.0,0.0,0.0,,bytes_freed
recursion,29,0.0,0.0,0.0,0.0,0.0,,bytes_freed
recursion,30,0.0,0.0,0.0,0.0,0.0,,bytes_freed
recursion,31,0.0,0.0,0.0,0.0,0.0,,bytes_freed
string_concat,2500,6322511.0,6322511.0,0.0,6322511.0,6322511.0,0.0,bytes_freed
string_concat,2820,8041347.0,8041347.0,0.0,8041347.0,8041347.0,0.0,bytes_freed
string_concat,3190,10259651.0,10259651.0,0.0,10259651.0,10259651.0,0.0,bytes_freed
string_concat,3600,13035683.0,13035683.0,0.0,13035683.0,13035683.0,0.0,bytes_freed
string_concat,4060,16581071.0,16581071.0,0.0,16581071.0,16581071.0,0.0,bytes_freed
string_concat,4580,21091368.0,21091368.0,0.0,21091368.0,21091368.0,0.0,bytes_freed
string_concat,5170,26833776.0,26833776.0,0.0,26833776.0,26833776.0,0.0,bytes_freed
string_concat,5840,34243248.0,34243248.0,0.0,34243248.0,34243248.0,0.0,bytes_freed
string_concat,6590,43579248.0,43579248.0,0.0,43579248.0,43579248.0,0.0,bytes_freed
string_concat,7440,55520048.0,55520048.0,0.0,55520048.0,55520048.0,0.0,bytes_freed
string_concat,8400,70743728.0,70743728.0,0.0,70743728.0,70743728.0,0.0,bytes_freed
string_concat,9480,90054591.0,90054591.0,0.0,90054591.0,90054591.0,0.0,bytes_freed
string_concat,10700,114693711.0,114693711.0,0.0,114693711.0,114693711.0,0.0,bytes_freed
string_concat,12100,146636111.0,146636111.0,0.0,146636111.0,146636111.0,0.0,bytes_freed
string_concat,13600,185210111.0,185210111.0,0.0,185210111.0,185210111.0,0.0,bytes_freed
string_concat,15400,237438911.0,237438911.0,0.0,237438911.0,237438911.0,0.0,bytes_freed
string_concat,17400,303175368.0,303175368.0,0.0,303175368.0,303175368.0,0.0,bytes_freed
string_concat,19600,384584547.0,384584547.0,0.0,384584547.0,384584547.0,0.0,bytes_freed
string_concat,22100,488840328.0,488840328.0,0.0,488840328.0,488840328.0,0.0,bytes_freed
string_concat,25000,625532547.0,625532547.0,0.0,625532547.0,625532547.0,0.0,bytes_freed
